წყარო,სათაური,ავტორი,აბსოლუტური ლინკი,ISBN,ფასი,ყდა
არტანუჯი,100 ძველი ისტორია პლუტარქესგან,100 ამბავი,https://www.artanuji.ge/book_ge.php?id=554,978-9941-494-78-9,12.95,https://www.artanuji.ge/img-site/upload/books/thumb_8129645274.jpg
არტანუჯი,78 ზეპირი ისტორია,1978. 14 აპრილი,https://www.artanuji.ge/book_ge.php?id=553,978-9941-494-77-2,12.90,https://www.artanuji.ge/img-site/upload/books/thumb_6461990424.jpg
არტანუჯი,ბახტრიონი,ვაჟა-ფშაველა,https://www.artanuji.ge/book_ge.php?id=552,None,0.00,https://www.artanuji.ge/img-site/upload/books/thumb_1666658916.jpg
არტანუჯი,"გეორგიევსკის ტრაქტატი და მეფე ერეკლე (მიზნები, სურვილები, შედეგები))",დავით მერკვილაძე,https://www.artanuji.ge/book_ge.php?id=551,None,0.00,https://www.artanuji.ge/img-site/upload/books/thumb_2438779738.jpg
არტანუჯი,1921-1990 ერთი კაცის და ქვეყნის ამბავი,ლევან ბერძენიშვილი ,https://www.artanuji.ge/book_ge.php?id=550,None,0.00,https://www.artanuji.ge/img-site/upload/books/thumb_7848708401.jpg
არტანუჯი,ითხვისის ნაქალაქარი,დავით დარეჯანაშვილი,https://www.artanuji.ge/book_ge.php?id=549,978-9941-494-53-6,9.95,https://www.artanuji.ge/img-site/upload/books/thumb_2411543107.jpg
არტანუჯი,Kakheti,იაკობ გოგებაშვილი,https://www.artanuji.ge/book_ge.php?id=548,978-9941-494-66-6,9.95,https://www.artanuji.ge/img-site/upload/books/thumb_2346748891.jpg
არტანუჯი,Mingrelia. Aspects of Traditional Culture,თედო სახოკია,https://www.artanuji.ge/book_ge.php?id=547,9789941494673,11.95,https://www.artanuji.ge/img-site/upload/books/thumb_3209505104.jpg
არტანუჯი,Тойная Война России,სალომე სამადაშვილი,https://www.artanuji.ge/book_ge.php?id=546,978-9941-494-37-6,14.95,https://www.artanuji.ge/img-site/upload/books/thumb_6004058867.jpg
არტანუჯი,კალამი გოლგოთაზე,როსტომ ჩხეიძე,https://www.artanuji.ge/book_ge.php?id=545,978-9941-494-45-1,65.50,https://www.artanuji.ge/img-site/upload/books/thumb_2300073266.jpg
არტანუჯი,Georgian Culture of Winemaking,გიორგი ბარისაშვილი,https://www.artanuji.ge/book_ge.php?id=544,978-9941-494-63-5,24.95,https://www.artanuji.ge/img-site/upload/books/thumb_3205814319.jpg
არტანუჯი,მოგონებანი,თედო სახოკია,https://www.artanuji.ge/book_ge.php?id=543,978-9941-494-44-4,19.95,https://www.artanuji.ge/img-site/upload/books/thumb_9026551735.jpg
არტანუჯი,Старый Тбилиси. 50 истории,ალექსანდრე ელისაშვილი,https://www.artanuji.ge/book_ge.php?id=542,None,0.00,https://www.artanuji.ge/img-site/upload/books/thumb_4899785462.jpg
არტანუჯი,მეჩეთები სამცხე-ჯავახეთში,საქართველოს ისლამური კულტურული მემკვიდრეობა,https://www.artanuji.ge/book_ge.php?id=541,978-9941-494-49-9,24.95,https://www.artanuji.ge/img-site/upload/books/thumb_8242122740.jpg
არტანუჯი,ჯავახეთი. ისტორიულ-კულტურული ნარკვევი,კუკური მეტრეველი,https://www.artanuji.ge/book_ge.php?id=540,978-9941-494-57-4,0.00,https://www.artanuji.ge/img-site/upload/books/thumb_404070243.jpg
არტანუჯი,ქეთოს და აჩოს ფორმულა 51,არჩილ ზამბახიძე,https://www.artanuji.ge/book_ge.php?id=539,978-9941-494-46-8,31.90,https://www.artanuji.ge/img-site/upload/books/thumb_6533379214.jpg
არტანუჯი,დავით აღმაშენებელი. ნუმიზმატიკური მემკვიდრეობა,მაია პატარიძე,https://www.artanuji.ge/book_ge.php?id=538,978-9941-494-64-2,19.90,https://www.artanuji.ge/img-site/upload/books/thumb_2036396320.jpg
არტანუჯი,გემი დავლანდე,ილია ჭანტურია ,https://www.artanuji.ge/book_ge.php?id=537,None,0.00,https://www.artanuji.ge/img-site/upload/books/thumb_1373466276.jpg
არტანუჯი,ნობელიანტები ყველა ქვეყნისა. მწერლები,118 ამბავი,https://www.artanuji.ge/book_ge.php?id=536,978-9941-494-56-7,9.90,https://www.artanuji.ge/img-site/upload/books/thumb_1521136118.jpg
არტანუჯი,გოგლა,150 ამბავი,https://www.artanuji.ge/book_ge.php?id=535,978-9941-494-55-0,17.90,https://www.artanuji.ge/img-site/upload/books/thumb_754109597.jpg
არტანუჯი,"Как Россия ""Спасала"" Грузию (Георгиевский Трактат)",ნიკოლოზ თევზაძე,https://www.artanuji.ge/book_ge.php?id=534,978-9941-494-50-5,19.95,https://www.artanuji.ge/img-site/upload/books/thumb_2812563241.jpg
არტანუჯი,"ტომ ჯონსის, ნაპოვარას ამბავი",ჰენრი ფილდინგი,https://www.artanuji.ge/book_ge.php?id=533,None,0.00,https://www.artanuji.ge/img-site/upload/books/thumb_6710892710.jpg
არტანუჯი,შეღერებულ ქალიშვილთა ჩრდილში,მარსელ პრუსტი,https://www.artanuji.ge/book_ge.php?id=532,978-9941-494-59-8,34.95,https://www.artanuji.ge/img-site/upload/books/thumb_3894071378.jpg
არტანუჯი,"მოდი, ერთად დავითვალოთ",კრისტინ როშიფტე,https://www.artanuji.ge/book_ge.php?id=531,978-9941-494-35-2,34.95,https://www.artanuji.ge/img-site/upload/books/thumb_8857568441.jpg
არტანუჯი,სიზმარა,ქართული ზღაპრული ზღაპრები,https://www.artanuji.ge/book_ge.php?id=530,978-9941-494-43-7,26.95,https://www.artanuji.ge/img-site/upload/books/thumb_6321943476.jpg
არტანუჯი,"პოლიტიკური დაპირისპირებები და ეროვნული ხელისუფლების დამხობა საქართველოში, 1987-1992",დიმიტრი შველიძე,https://www.artanuji.ge/book_ge.php?id=529,978-9941-494-07-9,34.95,https://www.artanuji.ge/img-site/upload/books/thumb_360028180.jpg
არტანუჯი,"Русско-Грузинская война, 100 лет, 100 историй",დიმიტრი სილაქაძე,https://www.artanuji.ge/book_ge.php?id=528,None,0.00,https://www.artanuji.ge/img-site/upload/books/thumb_4609948736.jpg
არტანუჯი,"Russian-Georgian War, 100 Years, 100 Stories",დიმიტრი სილაქაძე,https://www.artanuji.ge/book_ge.php?id=527,None,0.00,https://www.artanuji.ge/img-site/upload/books/thumb_293384850.jpg
არტანუჯი,მიმბო-ჯიმბო მეგობარს სტუმრობს,იაკობ მარტინ სტრიდი,https://www.artanuji.ge/book_ge.php?id=526,978-9941-494-48-2,21.95,https://www.artanuji.ge/img-site/upload/books/thumb_1834993641.jpg
არტანუჯი,მიმბო-ჯიმბო ხელოვნების ნიმუშს ქმნის,იაკობ მარტინ სტრიდი,https://www.artanuji.ge/book_ge.php?id=525,978-9941-494-47-5,21.95,https://www.artanuji.ge/img-site/upload/books/thumb_5557177821.jpg
არტანუჯი,Грузинская Культура Виноделия,გიორგი ბარისაშვილი,https://www.artanuji.ge/book_ge.php?id=524,978-9941-494-41-3,24.95,https://www.artanuji.ge/img-site/upload/books/thumb_5380028323.jpg
არტანუჯი,ლაზეთი,ნიკო მარი,https://www.artanuji.ge/book_ge.php?id=523,9789941494291,16.95,https://www.artanuji.ge/img-site/upload/books/thumb_8403942966.jpg
არტანუჯი,ზუზუნები და ღუტუნები,ირმა მალაციძე,https://www.artanuji.ge/book_ge.php?id=522,978-9941-494-51-2,29.90,https://www.artanuji.ge/img-site/upload/books/thumb_1290764529.jpg
არტანუჯი,Battle of Didgori,როინ მეტრეველი,https://www.artanuji.ge/book_ge.php?id=521,978-9941-494-27-7,19.95,https://www.artanuji.ge/img-site/upload/books/thumb_8232650319.jpg
არტანუჯი,ლაჟვარდისფერი ვითარცა ქრისტე,არმაზ ბეკარი,https://www.artanuji.ge/book_ge.php?id=520,978-9941-494-19-2,14.95,https://www.artanuji.ge/img-site/upload/books/thumb_2637343080.jpg
არტანუჯი,ხოგაის მინდი,ქართული მითები,https://www.artanuji.ge/book_ge.php?id=519,978-9941-494-33-8,29.95,https://www.artanuji.ge/img-site/upload/books/thumb_7681503063.jpg
არტანუჯი,რწყილი და ჭიანჭველა,ქართული ზღაპრული ზღაპრები,https://www.artanuji.ge/book_ge.php?id=518,978-9941-494-34-5,26.95,https://www.artanuji.ge/img-site/upload/books/thumb_9597829077.jpg
არტანუჯი,დაკარგული სიტყვების ლექსიკონი,დიანა ანფიმიადი,https://www.artanuji.ge/book_ge.php?id=517,978-9941-494-25-3,15.95,https://www.artanuji.ge/img-site/upload/books/thumb_3897875305.jpg
არტანუჯი,ესპანურ-ქართული ილუსტრირებული ლექსიკონი,თეა გვასალია,https://www.artanuji.ge/book_ge.php?id=516,None,0.00,https://www.artanuji.ge/img-site/upload/books/thumb_1647552000.jpg
არტანუჯი,აშტავაკრა გიტა,ანდრო დგებუაძის თარგმანი,https://www.artanuji.ge/book_ge.php?id=515,978-9941-494-24-6,17.95,https://www.artanuji.ge/img-site/upload/books/thumb_6359246266.jpg
არტანუჯი,Дидгорская Битва,როინ მეტრეველი,https://www.artanuji.ge/book_ge.php?id=514,978-9941-494-21-5,19.95,https://www.artanuji.ge/img-site/upload/books/thumb_3815337959.jpeg
არტანუჯი,რუსი ნობელიანტი მწერლები,100 ამბავი,https://www.artanuji.ge/book_ge.php?id=513,978-9941-494-06-2,15.90,https://www.artanuji.ge/img-site/upload/books/thumb_2607218930.jpg
არტანუჯი,გაცოცხლებული ძველი ტფილისი (ორი წყარო დედაქალაქის ისტორიისთვის),ალექსანდრე ქიშმიშევი,https://www.artanuji.ge/book_ge.php?id=512,978-9941-494-17-8,15.95,https://www.artanuji.ge/img-site/upload/books/thumb_1399284489.jpg
არტანუჯი,ტიფლისის ღამის რაინდები (ძველი თბილისის კრიმინალური ქრონიკა),გიორგი ჭეიშვილი,https://www.artanuji.ge/book_ge.php?id=511,978-9941494-22-2,16.95,https://www.artanuji.ge/img-site/upload/books/thumb_3334267656.jpg
არტანუჯი,ცხოვრება ორ სამყაროში – გრიგოლ რობაქიძე,ნუგეშა გაგნიძე,https://www.artanuji.ge/book_ge.php?id=510,9789941494864,17.95,https://www.artanuji.ge/img-site/upload/books/thumb_1284862719.jpg
არტანუჯი,წერილები საქართველოდან,ბერტა ფონ ზუტნერი,https://www.artanuji.ge/book_ge.php?id=509,978-9941-494-20-8,9.95,https://www.artanuji.ge/img-site/upload/books/thumb_8332421979.jpg
არტანუჯი,ორგზის მუჰაჯირი საბა ართვინელი (შალვა თევზაძე),ნინო ოქროსცვარიძე,https://www.artanuji.ge/book_ge.php?id=508,978-9941-494-12-3,11.90,https://www.artanuji.ge/img-site/upload/books/thumb_5284300399.jpg
არტანუჯი,"ფიქრი, რომელიც მნიშვნელობს",რევაზ სირაძე,https://www.artanuji.ge/book_ge.php?id=507,978-9941-494-18-5,18.90,https://www.artanuji.ge/img-site/upload/books/thumb_6723742689.jpg
არტანუჯი,"ქართული ფილმი. ფოტოისტორიები, კულისები, ქრონიკები",გურამ წიბახაშვილი,https://www.artanuji.ge/book_ge.php?id=506,None,0.00,https://www.artanuji.ge/img-site/upload/books/thumb_1485171457.jpg
არტანუჯი,თხა და ვენახი,ქართული ზღაპრული ზღაპრები,https://www.artanuji.ge/book_ge.php?id=505,978-9941-494-10-9,21.95,https://www.artanuji.ge/img-site/upload/books/thumb_8982631624.jpg
არტანუჯი,რა ენაზე საუბრობენ ცხოველები?,არტანუჯი ბავშვებისთვის,https://www.artanuji.ge/book_ge.php?id=504,978-9941-494-11-6,9.95,https://www.artanuji.ge/img-site/upload/books/thumb_8471981929.jpg
არტანუჯი,თბილისური კატალოგი,ნოდარ სუმბაძე,https://www.artanuji.ge/book_ge.php?id=503,978-9941-487-55-2,29.95,https://www.artanuji.ge/img-site/upload/books/thumb_8479463714.jpg
არტანუჯი,ძველი ტფილისის ევროპული გრავიურები,სულხან სალაძე,https://www.artanuji.ge/book_ge.php?id=502,978-9941-487-96-5,49.95,https://www.artanuji.ge/img-site/upload/books/thumb_7726948834.jpg
არტანუჯი,ქუჩის ხელოვნება,თბილისი,https://www.artanuji.ge/book_ge.php?id=501,978-9941-494-08-6,79.90,https://www.artanuji.ge/img-site/upload/books/thumb_5350207719.jpg
არტანუჯი,ხევსურეთი,სერგი მაკალათია,https://www.artanuji.ge/book_ge.php?id=500,None,0.00,https://www.artanuji.ge/img-site/upload/books/thumb_1916284556.jpg
არტანუჯი,ხევი,სერგი მაკალათია,https://www.artanuji.ge/book_ge.php?id=499,None,0.00,https://www.artanuji.ge/img-site/upload/books/thumb_2204036558.jpg
არტანუჯი,გერბები,101 ამბავი,https://www.artanuji.ge/book_ge.php?id=498,978-9941-494-01-7,15.90,https://www.artanuji.ge/img-site/upload/books/thumb_8293438870.jpg
არტანუჯი,თუშეთი,სერგი მაკალათია,https://www.artanuji.ge/book_ge.php?id=497,None,0.00,https://www.artanuji.ge/img-site/upload/books/thumb_3995453263.jpg
არტანუჯი,Жизнь В Советской Грузии,70 Историй,https://www.artanuji.ge/book_ge.php?id=496,978-9941-487-63-7,29.95,https://www.artanuji.ge/img-site/upload/books/thumb_4331954112.jpg
არტანუჯი,Life in Soviet Georgia,70 Stories,https://www.artanuji.ge/book_ge.php?id=495,978-9941-487-64-4,29.95,https://www.artanuji.ge/img-site/upload/books/thumb_9131992962.jpg
არტანუჯი,77 ამბავი 1942 წლის შეთქმულებაზე,როსტომ ჩხეიძე,https://www.artanuji.ge/book_ge.php?id=494,9789941494161,15.95,https://www.artanuji.ge/img-site/upload/books/thumb_7012083060.jpg
არტანუჯი,ოპერა,100 ამბავი,https://www.artanuji.ge/book_ge.php?id=493,978-9941-494-14-7,14.00,https://www.artanuji.ge/img-site/upload/books/thumb_5340614146.jpg
არტანუჯი,100 ძველი ისტორია ჰეროდოტესგან,ჰეროდოტე,https://www.artanuji.ge/book_ge.php?id=492,978-9941-494-13-0,12.00,https://www.artanuji.ge/img-site/upload/books/thumb_3579542641.jpg
არტანუჯი,საკვანძო სიტყვა ფერეიდანი,დიანა ანფიმიადი,https://www.artanuji.ge/book_ge.php?id=491,978-9941-487-83-5,11.95,https://www.artanuji.ge/img-site/upload/books/thumb_5374325006.jpg
არტანუჯი,ფანჯრები ჩვენი ბავშვებისკენ,ვაიოლეტ ოკლანდერი,https://www.artanuji.ge/book_ge.php?id=490,978-9941-494-02-4,40.00,https://www.artanuji.ge/img-site/upload/books/thumb_8261622744.jpg
არტანუჯი,თბილისური ჭორ-მართალი,ირაკლი მახარაძე,https://www.artanuji.ge/book_ge.php?id=489,978-9941-494-05-5,14.90,https://www.artanuji.ge/img-site/upload/books/thumb_1065000849.jpg
არტანუჯი,ქართველი მეფეები,სერგი მაკალათია,https://www.artanuji.ge/book_ge.php?id=488,None,0.00,https://www.artanuji.ge/img-site/upload/books/thumb_5893301214.jpg
არტანუჯი,"The Democratic Republic of Georgia, struggle for independence 1918-1921",ალექსანდრე დაუშვილი,https://www.artanuji.ge/book_ge.php?id=487,978-9941-487-97-2,11.90,https://www.artanuji.ge/img-site/upload/books/thumb_7796132732.jpg
არტანუჯი,150 ამბავი ალექსანდრე ორბელიანზე,როსტომ ჩხეიძე,https://www.artanuji.ge/book_ge.php?id=486,978-9941-487-99-6,17.95,https://www.artanuji.ge/img-site/upload/books/thumb_9684502594.jpg
არტანუჯი,რუსეთ-საქართველოს ომი (100 ამბავი),დიმიტრი სილაქაძე,https://www.artanuji.ge/book_ge.php?id=485,978-9941-494-04-8,16.90,https://www.artanuji.ge/img-site/upload/books/thumb_3683692920.jpg
არტანუჯი,ამაღლების ქუჩა,იაკი კაბე,https://www.artanuji.ge/book_ge.php?id=484,978-9941-487-89-7,13.95,https://www.artanuji.ge/img-site/upload/books/thumb_8987944582.jpg
არტანუჯი,ქართული მითიური გმირები და მათი სამყარო,ქართული მითები,https://www.artanuji.ge/book_ge.php?id=483,978-9941-494-09-3,31.90,https://www.artanuji.ge/img-site/upload/books/thumb_8138371487.jpg
არტანუჯი,"მოდი, დავითვალოთ",არტანუჯი ბავშვებისთვის,https://www.artanuji.ge/book_ge.php?id=482,978-9941-487-79-8,15.00,https://www.artanuji.ge/img-site/upload/books/thumb_1398832751.jpg
არტანუჯი,გუშინ,შოთა არველაძე,https://www.artanuji.ge/book_ge.php?id=481,978-9941-494-03-1,15.00,https://www.artanuji.ge/img-site/upload/books/thumb_5902060437.jpg
არტანუჯი,ვისწავლოთ მეგრული,ნათია ფონიავა,https://www.artanuji.ge/book_ge.php?id=480,978-9941-494-00-0,15.00,https://www.artanuji.ge/img-site/upload/books/thumb_5919558661.jpeg
არტანუჯი,"პირადი წერილები, დღიურები, მოგონებები",მამები და შვილები,https://www.artanuji.ge/book_ge.php?id=479,978-9941-487-92-7,10.00,https://www.artanuji.ge/img-site/upload/books/thumb_3432402294.jpg
არტანუჯი,ქართულ-მეგრული ლექსიკონი,ალიო ქობალია ,https://www.artanuji.ge/book_ge.php?id=478,978-9941-487-87-3,100.00,https://www.artanuji.ge/img-site/upload/books/thumb_9326455318.jpg
არტანუჯი,ნეკერქალაქი,ნინო ნეკერიშვილი,https://www.artanuji.ge/book_ge.php?id=477,978-9941-487-82-8,14.95,https://www.artanuji.ge/img-site/upload/books/thumb_7096608127.jpg
არტანუჯი,კოლხეთი და იბერია,ზურაბ ბრაგვაძე,https://www.artanuji.ge/book_ge.php?id=476,978-9941-494-31-4,19.95,https://www.artanuji.ge/img-site/upload/books/thumb_2879242240.jpeg
არტანუჯი,კომბლე,ქართული ზღაპრული ზღაპრები,https://www.artanuji.ge/book_ge.php?id=475,978-9941-487-98-9,19.95,https://www.artanuji.ge/img-site/upload/books/thumb_7872229409.jpg
არტანუჯი,ჩემი ფანჯრებიდან,გიორგი ლობჟანიძე,https://www.artanuji.ge/book_ge.php?id=474,978-9941-487-91-0,15.90,https://www.artanuji.ge/img-site/upload/books/thumb_4246478788.jpg
არტანუჯი,ეშმაკის ლექსიკონი,ამბროზ ბირსი,https://www.artanuji.ge/book_ge.php?id=472,978-9941-487-43-9,16.90,https://www.artanuji.ge/img-site/upload/books/thumb_7365687671.jpg
არტანუჯი,თხზულებანი (ტომი X),ექვთიმე თაყაიშვილი,https://www.artanuji.ge/book_ge.php?id=471,978-9941-487-77-4,24.95,https://www.artanuji.ge/img-site/upload/books/thumb_5624899575.jpg
არტანუჯი,თხზულებანი (ტომი IX),ექვთიმე თაყაიშვილი,https://www.artanuji.ge/book_ge.php?id=470,978-9941-487-84-2,29.90,https://www.artanuji.ge/img-site/upload/books/thumb_7604667749.jpg
არტანუჯი,სამი მედეა, ანდრეას ფლურაკისი,https://www.artanuji.ge/book_ge.php?id=469,978-9941-487-88-0,17.95,https://www.artanuji.ge/img-site/upload/books/thumb_3182998276.jpg
არტანუჯი,დროშები,100 ამბავი,https://www.artanuji.ge/book_ge.php?id=468,978-9941-487-80-4,12.95,https://www.artanuji.ge/img-site/upload/books/thumb_5981780616.jpg
არტანუჯი,კავკასია XVIII საუკუნის II ნახევარში,სტეფან ბურნაშევი,https://www.artanuji.ge/book_ge.php?id=467,978-9941-487-67-5,19.95,https://www.artanuji.ge/img-site/upload/books/thumb_3254737691.jpg
არტანუჯი,ნიკოლოზ ბარათაშვილი,100 ამბავი,https://www.artanuji.ge/book_ge.php?id=466,978-9941-487-72-9,15.95,https://www.artanuji.ge/img-site/upload/books/thumb_4449412529.jpg
არტანუჯი,ნაცარქექია,ქართული ზღაპრული ზღაპრები,https://www.artanuji.ge/book_ge.php?id=465,978-9941-487-81-1,25.90,https://www.artanuji.ge/img-site/upload/books/thumb_5094557441.jpg
არტანუჯი,ჩენედელის მოგონებანი,ლორენცო და პონტე,https://www.artanuji.ge/book_ge.php?id=464,978-9941-487-73-6,21.95,https://www.artanuji.ge/img-site/upload/books/thumb_8851482113.jpg
არტანუჯი,სტუმარ-მასპინძელი,ვაჟა-ფშაველა,https://www.artanuji.ge/book_ge.php?id=463,978-9941-487-85-9,14.90,https://www.artanuji.ge/img-site/upload/books/thumb_9237931463.jpg
არტანუჯი,ალუდა ქეთელაური,ვაჟა-ფშაველა,https://www.artanuji.ge/book_ge.php?id=462,9789941487866,14.90,https://www.artanuji.ge/img-site/upload/books/thumb_4913395973.jpg
არტანუჯი,ქისტები,100 ამბავი,https://www.artanuji.ge/book_ge.php?id=461,978-9941-487-78-1,17.95,https://www.artanuji.ge/img-site/upload/books/thumb_9546614740.jpg
არტანუჯი,ქართველი დრამატურგები,100 ამბავი,https://www.artanuji.ge/book_ge.php?id=460,978-9941-487-71-2,15.95,https://www.artanuji.ge/img-site/upload/books/thumb_9448128924.jpg
არტანუჯი,ქართველებთან და საქართველოში,ბერტა ფონ ზუტნერი,https://www.artanuji.ge/book_ge.php?id=459,978-9941-487-69-9,11.95,https://www.artanuji.ge/img-site/upload/books/thumb_4728113678.jpg
არტანუჯი,პოსტმოდერნიზმი ქართულ მწერლობაში,ლევან ბრეგაძე,https://www.artanuji.ge/book_ge.php?id=458,978-9941-487-70-5,9.95,https://www.artanuji.ge/img-site/upload/books/thumb_6900249174.jpg
არტანუჯი,Tao-Klarceti,Tarih ve Kültür Araştırmaları,https://www.artanuji.ge/book_ge.php?id=457,None,71.50,https://www.artanuji.ge/img-site/upload/books/thumb_2104967972.jpg
არტანუჯი,Tao Klarjeti,Historical and Cultural Essays,https://www.artanuji.ge/book_ge.php?id=456,None,57.50,https://www.artanuji.ge/img-site/upload/books/thumb_1241149976.jpg
არტანუჯი,ლექსები პროზად,შარლ ბოდლერი,https://www.artanuji.ge/book_ge.php?id=455,None,0.00,https://www.artanuji.ge/img-site/upload/books/thumb_2400976293.jpg
არტანუჯი,ომის დღიურები,ასტრიდ ლინდგრენი,https://www.artanuji.ge/book_ge.php?id=454,None,17.90,https://www.artanuji.ge/img-site/upload/books/thumb_415351386.jpg
არტანუჯი,English – როგორ ვისწავლე და როგორ ვასწავლიდი,გელა ჩარკვიანი,https://www.artanuji.ge/book_ge.php?id=453,None,16.95,https://www.artanuji.ge/img-site/upload/books/thumb_5411238712.jpg
არტანუჯი,ძველი ტფილისი (50 ამბავი),ალექსანდრე ელისაშვილი,https://www.artanuji.ge/book_ge.php?id=452,None,14.95,https://www.artanuji.ge/img-site/upload/books/thumb_9857989586.jpg
არტანუჯი,ვეფხისტყაოსანი,შოთა რუსთაველი,https://www.artanuji.ge/book_ge.php?id=451,978-9941-478-61-1,35.00,https://www.artanuji.ge/img-site/upload/books/thumb_2359048761.jpg
არტანუჯი,თბილისი (ძველი ქალაქის ისტორია),ალექსანდრე ელისაშვილი,https://www.artanuji.ge/book_ge.php?id=450,9789941478635,15.00,https://www.artanuji.ge/img-site/upload/books/thumb_9111896865.jpg
არტანუჯი,"ქართული ფოლკლორი, ტრადიციები და ლეგენდები",დევიდ ჰანტი,https://www.artanuji.ge/book_ge.php?id=449,9789941478031,35.00,https://www.artanuji.ge/img-site/upload/books/thumb_3408780056.png
არტანუჯი,ზვიად გამსახურდია,"პოლიტიკა, მეცნიერება, ლიტერატურა (კონფერენციის მასალები)",https://www.artanuji.ge/book_ge.php?id=448,978-9941-487-56-9,14.90,https://www.artanuji.ge/img-site/upload/books/thumb_1451956760.jpg
არტანუჯი,ორსულობა არც ისე რთულია,კლერ პლიმერი,https://www.artanuji.ge/book_ge.php?id=447,9789941487279,24.95,https://www.artanuji.ge/img-site/upload/books/thumb_867975861.jpg
არტანუჯი,ტაო-კლარჯეთი,ისტორიულ-კულტურული ნარკვევი,https://www.artanuji.ge/book_ge.php?id=446,9789941478710,57.50,https://www.artanuji.ge/img-site/upload/books/thumb_6532744150.jpg
არტანუჯი,ვეფხისტყაოსანი,შოთა რუსთაველი,https://www.artanuji.ge/book_ge.php?id=445,978-9941-487-76-7,79.90,https://www.artanuji.ge/img-site/upload/books/thumb_3952361745.jpg
არტანუჯი,აკაკი,180 ამბავი,https://www.artanuji.ge/book_ge.php?id=444,978-9941-478-57-4,17.95,https://www.artanuji.ge/img-site/upload/books/thumb_6771466722.jpg
არტანუჯი,РУССКИЙ ЯЗЫК (რუსული ენა) – VI,"მაია ლორდქიფანიძე, ირინა ჩხეიძე, თამარ ჩიმაკაძე",https://www.artanuji.ge/book_ge.php?id=443,978-9941-478-35-2,8.00,https://www.artanuji.ge/img-site/upload/books/thumb_4407835537.jpg
არტანუჯი,РУССКИЙ ЯЗЫК (რუსული ენა) – V,"მაია ლორდქიფანიძე, ირინა ჩხეიძე, თამარ ჩიმაკაძე",https://www.artanuji.ge/book_ge.php?id=442,978-9941-478-38-3,8.00,https://www.artanuji.ge/img-site/upload/books/thumb_9386013615.jpg
არტანუჯი,ნაპოლეონი (51 კითხვა და ამდენივე პასუხი),ალექსანდრე მიქაბერიძე,https://www.artanuji.ge/book_ge.php?id=441,978-9941-487-61-3,29.95,https://www.artanuji.ge/img-site/upload/books/thumb_410940381.jpg
არტანუჯი,წმინდა კოლხეთი,არკანჯელო ლამბერტი,https://www.artanuji.ge/book_ge.php?id=437,978-9941-487-66-8,24.95,https://www.artanuji.ge/img-site/upload/books/thumb_5971240065.jpg
არტანუჯი,1001 ზღაპარი საქართველოზე,III ტომი,https://www.artanuji.ge/book_ge.php?id=436,978-9941-487-45-3,15.90,https://www.artanuji.ge/img-site/upload/books/thumb_1993958777.jpg
არტანუჯი,კობი ბრაიანტი,81 ამბავი,https://www.artanuji.ge/book_ge.php?id=435,None,12.95,https://www.artanuji.ge/img-site/upload/books/thumb_705093462.jpg
არტანუჯი,რუსეთის ფარული ომი,სალომე სამადაშვილი,https://www.artanuji.ge/book_ge.php?id=434,978-9941-487-39-2,12.95,https://www.artanuji.ge/img-site/upload/books/thumb_7126414719.jpg
არტანუჯი,მდუმარების მეჯლისი,მიკა ალექსიძე,https://www.artanuji.ge/book_ge.php?id=433,9789941487446,18.95,https://www.artanuji.ge/img-site/upload/books/thumb_7421498331.jpg
არტანუჯი,ვართ და არცა ვართ (ჩემი რუმი),ზურაბ გურული,https://www.artanuji.ge/book_ge.php?id=432,9789941487507,11.95,https://www.artanuji.ge/img-site/upload/books/thumb_7415998196.jpg
არტანუჯი,განსჯანი და ლექსები,ტომას ერნესტ ჰიუმი,https://www.artanuji.ge/book_ge.php?id=431,9789941487484,11.95,https://www.artanuji.ge/img-site/upload/books/thumb_7004941455.jpg
არტანუჯი,წარსულის გახსენება,როინ მეტრეველი,https://www.artanuji.ge/book_ge.php?id=430,9789941487248,28.95,https://www.artanuji.ge/img-site/upload/books/thumb_6080882297.jpg
არტანუჯი,საისტორიო ნარკვევები (II),როინ მეტრეველი,https://www.artanuji.ge/book_ge.php?id=429,9789941487361,29.95,https://www.artanuji.ge/img-site/upload/books/thumb_3220922215.jpg
არტანუჯი,თხზულებანი (ტომი VIII),ექვთიმე თაყაიშვილი,https://www.artanuji.ge/book_ge.php?id=428,9789941487231,38.95,https://www.artanuji.ge/img-site/upload/books/thumb_9522383017.jpg
არტანუჯი,თხზულებანი (ტომი VII),ექვთიმე თაყაიშვილი,https://www.artanuji.ge/book_ge.php?id=427,9789941478697,38.95,https://www.artanuji.ge/img-site/upload/books/thumb_1062818462.jpg
არტანუჯი,გვიანანტიკური საქართველოს სამხედრო ისტორია – II,ნიკა ხოფერია,https://www.artanuji.ge/book_ge.php?id=426,978-9941-445-85-9,14.95,https://www.artanuji.ge/img-site/upload/books/thumb_2514943885.jpg
არტანუჯი,საქართველოს ისტორიის საკითხები,ლევან მუსხელიშვილი,https://www.artanuji.ge/book_ge.php?id=425,None,45.00,https://www.artanuji.ge/img-site/upload/books/thumb_5637475172.jpg
არტანუჯი,აპოკალიფსის დღიურები,თორნიკე რაზმაძე,https://www.artanuji.ge/book_ge.php?id=424,978-9941-487-29-3,16.95,https://www.artanuji.ge/img-site/upload/books/thumb_5986129683.jpg
არტანუჯი,"მოხედე შენს სახლს, ანგელოზო",თომას ვულფი,https://www.artanuji.ge/book_ge.php?id=423,978-9941-487-33-0,29.95,https://www.artanuji.ge/img-site/upload/books/thumb_7490941970.jpg
არტანუჯი,შინ ვეღარასოდეს დაბრუნდები,თომას ვულფი,https://www.artanuji.ge/book_ge.php?id=422,978-9941-487-47-7,29.95,https://www.artanuji.ge/img-site/upload/books/thumb_8343226676.jpg
არტანუჯი,ჰამლეტი,უილიამ შექსპირი,https://www.artanuji.ge/book_ge.php?id=421,978-9941-487-42-2,14.95,https://www.artanuji.ge/img-site/upload/books/thumb_8374669863.jpg
არტანუჯი,ბუკოლიკური პოეზია (ეკლოგები),პუბლიუს ვერგილიუს მარონი,https://www.artanuji.ge/book_ge.php?id=420,978-9941-487-37-8,13.95,https://www.artanuji.ge/img-site/upload/books/thumb_2430301783.jpg
არტანუჯი,ამერიკული და ბრიტანული ნოველები,"მარკ ტვენი, ო. ჰენრი, სტივენ ლიკოკი, საკი (ჰ. მანრო), შერვუდ ანდერსონი, მერი ვები, ვირჯინია ვულფი, ქეთრინ მენსფილდი, ფრენსის სკოტ ფიცჯერალდი, მაიკ ქუინი, ვაშინგტონ ირვინგი",https://www.artanuji.ge/book_ge.php?id=419,978-9941-487-20-0,14.95,https://www.artanuji.ge/img-site/upload/books/thumb_5870338692.jpg
არტანუჯი,ეფი ბრისტი,თეოდორ ფონტანე,https://www.artanuji.ge/book_ge.php?id=418,978-9941-478-94-9,13.90,https://www.artanuji.ge/img-site/upload/books/thumb_7299048784.jpg
არტანუჯი,სამყაროს შოკისმომგვრელი პირველსაწყისი და კაცობრიობა ადამიანის წარმოშობის დილემის პირისპირ,დავით ჩხენკელი,https://www.artanuji.ge/book_ge.php?id=417,978-9941-487-16-3,24.95,https://www.artanuji.ge/img-site/upload/books/thumb_8131411969.jpg
არტანუჯი,ტაო-კლარჯეთი (ფოტოემოციები),ბუბა კუდავა,https://www.artanuji.ge/book_ge.php?id=416,978-9941-478-90-1,29.50,https://www.artanuji.ge/img-site/upload/books/thumb_1970061827.jpg
არტანუჯი,ძირს იარაღი!,ბერტა ფონ ზუტნერი,https://www.artanuji.ge/book_ge.php?id=415,978-9941-478-97-0,17.95,https://www.artanuji.ge/img-site/upload/books/thumb_2750828433.jpg
არტანუჯი,ჰო და არა,ლევან ბერძენიშვილი ,https://www.artanuji.ge/book_ge.php?id=414,9789941487347,15.00,https://www.artanuji.ge/img-site/upload/books/thumb_4880857425.jpg
არტანუჯი,ეროსიდან ეროტიზმამდე,ნონა კუპრეიშვილი,https://www.artanuji.ge/book_ge.php?id=413,None,9.95,https://www.artanuji.ge/img-site/upload/books/thumb_6494391635.jpg
არტანუჯი,მერმისის ჭაღარა მთვარეები,გელა ჩარკვიანი,https://www.artanuji.ge/book_ge.php?id=412,None,15.00,https://www.artanuji.ge/img-site/upload/books/thumb_7577564185.jpg
არტანუჯი,"ჩვენ, ვეფხისტყაოსნები",დიანა ანფიმიადი,https://www.artanuji.ge/book_ge.php?id=411,978-9941-487-18-7,10.00,https://www.artanuji.ge/img-site/upload/books/thumb_7308177356.jpg
არტანუჯი,1001 ზღაპარი საქართველოზე,II ტომი,https://www.artanuji.ge/book_ge.php?id=410,9789941487316,19.95,https://www.artanuji.ge/img-site/upload/books/thumb_6366867395.jpg
არტანუჯი,ესპანური ენის გრამატიკა,თეა გვასალია,https://www.artanuji.ge/book_ge.php?id=409,9789941487217,10.00,https://www.artanuji.ge/img-site/upload/books/thumb_8194789234.jpg
არტანუჯი,"თუ საჭიროა, გათქმევინებთ",შორენა ლებანიძე,https://www.artanuji.ge/book_ge.php?id=408,978-9941-487-17-0,10.00,https://www.artanuji.ge/img-site/upload/books/thumb_7284838515.jpg
არტანუჯი,ქართველთა გამუსლიმება (ზეპირი გადმოცემები),ზაქარია ჭიჭინაძე,https://www.artanuji.ge/book_ge.php?id=407,9789941487057,13.95,https://www.artanuji.ge/img-site/upload/books/thumb_1818387918.jpg
არტანუჯი,ყორანი და სხვა ლექსები,ედგარ ალან პო,https://www.artanuji.ge/book_ge.php?id=406,978-9941-487-14-9,12.00,https://www.artanuji.ge/img-site/upload/books/thumb_177919613.jpg
არტანუჯი,ქართველთა შორის წერა-კითხვის გამავრცელებელი საზოგადოება,100 ამბავი,https://www.artanuji.ge/book_ge.php?id=405,978-9941-478-93-2,11.95,https://www.artanuji.ge/img-site/upload/books/thumb_3191930041.jpg
არტანუჯი,ქართული ენა – VII კლასი,დიანა ანფიმიადი,https://www.artanuji.ge/book_ge.php?id=404,978-9941-487-12-5,0.00,https://www.artanuji.ge/img-site/upload/books/thumb_7678860421.jpg
არტანუჯი,ქართული ლიტერატურა – VII კლასი,დიანა ანფიმიადი,https://www.artanuji.ge/book_ge.php?id=403,978-9941-487-11-8,0.00,https://www.artanuji.ge/img-site/upload/books/thumb_68190284.jpg
არტანუჯი,"მარანი, ქვევრი, ღვინო",გიორგი ბარისაშვილი,https://www.artanuji.ge/book_ge.php?id=402,978-9941-478-91-8,79.95,https://www.artanuji.ge/img-site/upload/books/thumb_5828200494.jpg
არტანუჯი,მჭიდროდ დაკეცილი დროშები,თორნიკე რაზმაძე,https://www.artanuji.ge/book_ge.php?id=401,978-9941-487-07-1,13.95,https://www.artanuji.ge/img-site/upload/books/thumb_4472043942.jpg
არტანუჯი,ცისნათელი ფერად მინებში,კონსტანტინე ზ. გამსახურდიას თარგმანები,https://www.artanuji.ge/book_ge.php?id=400,978-9941-487-08-8,11.95,https://www.artanuji.ge/img-site/upload/books/thumb_2511289720.jpg
არტანუჯი,მე – ნამდვილი კოკოშა,ჯანა ამირეჯიბი,https://www.artanuji.ge/book_ge.php?id=399,978-9941-478-88-8,19.95,https://www.artanuji.ge/img-site/upload/books/thumb_6960023306.jpg
არტანუჯი,ცხოვრება საბჭოეთში,70 ამბავი,https://www.artanuji.ge/book_ge.php?id=398,978-9941-487-03-3,13.95,https://www.artanuji.ge/img-site/upload/books/thumb_4528495967.jpg
არტანუჯი,გალაკტიონი,200 ამბავი,https://www.artanuji.ge/book_ge.php?id=397,978-9941-478-92-5,14.95,https://www.artanuji.ge/img-site/upload/books/thumb_4854476340.jpg
არტანუჯი,დამწერლობა. 100 ამბავი,დავით მაისურაძე,https://www.artanuji.ge/book_ge.php?id=396,978-9941-478-99-4,11.95,https://www.artanuji.ge/img-site/upload/books/thumb_6819323152.jpg
არტანუჯი,სუმო,90 ამბავი,https://www.artanuji.ge/book_ge.php?id=395,978-9941-487-00-2,13.95,https://www.artanuji.ge/img-site/upload/books/thumb_5141581576.jpg
არტანუჯი,100 ამბავი. 100 ფეხბურთელი,ზვიად ბერეკაშვილი,https://www.artanuji.ge/book_ge.php?id=394,None,13.95,https://www.artanuji.ge/img-site/upload/books/thumb_6438976400.jpg
არტანუჯი,100 ამბავი ოთარ ჩხეიძეზე,როსტომ ჩხეიძე,https://www.artanuji.ge/book_ge.php?id=393,978-9941-487-01-9,11.95,https://www.artanuji.ge/img-site/upload/books/thumb_688869394.jpg
არტანუჯი,საყოველთაოდ მიღებული აზრების ლექსიკონი,გუსტავ ფლობერი,https://www.artanuji.ge/book_ge.php?id=392,978-9941-478-97-0,10.50,https://www.artanuji.ge/img-site/upload/books/thumb_5202260357.jpg
არტანუჯი,1001 ზღაპარი საქართველოზე,I ტომი,https://www.artanuji.ge/book_ge.php?id=391,978-9941-478-95-6,17.50,https://www.artanuji.ge/img-site/upload/books/thumb_9154512966.jpg
არტანუჯი,125 ამბავი პავლე ინგოროყვაზე,როსტომ ჩხეიძე,https://www.artanuji.ge/book_ge.php?id=390,978-9941-478-89-5,13.95,https://www.artanuji.ge/img-site/upload/books/thumb_1979940123.jpg
არტანუჯი,კონსტანტინე გამსახურდია,126 ამბავი,https://www.artanuji.ge/book_ge.php?id=389,9789941478987,11.95,https://www.artanuji.ge/img-site/upload/books/thumb_5018217978.jpg
არტანუჯი,440 დღე საქართველოს დამოკიდებლობამდე,"გიორგი არქანია, გიგი გიოშვილი, ელენე ჭირაქაძე, ქეთევან სიხარულიძე, თინათინ ბიკაშვილი, ვიტალი მაჭავარიანი, ევგენი ჭანიშვილი",https://www.artanuji.ge/book_ge.php?id=387,9789941487026,49.95,https://www.artanuji.ge/img-site/upload/books/thumb_5018057595.jpg
არტანუჯი,117 ამბავი ძველ რომზე,"ნიკა ხოფერია, ლევან ტავლალაშვილი",https://www.artanuji.ge/book_ge.php?id=386,9789941478840,12.00,https://www.artanuji.ge/img-site/upload/books/thumb_5786207951.jpeg
არტანუჯი,ბახუსის მოყვარულნი,ირაკლი მახარაძე,https://www.artanuji.ge/book_ge.php?id=385,9789941478802,12.00,https://www.artanuji.ge/img-site/upload/books/thumb_9928870727.jpeg
არტანუჯი,მუხრან მაჭავარიანი,90 ამბავი,https://www.artanuji.ge/book_ge.php?id=384,978-9941-478-83-3,14.00,https://www.artanuji.ge/img-site/upload/books/thumb_3207381451.jpeg
არტანუჯი,ჯაკომო ჯოისი,ჯეიმზ ჯოისი,https://www.artanuji.ge/book_ge.php?id=382,9789941478864,12.95,https://www.artanuji.ge/img-site/upload/books/thumb_9460867349.jpg
არტანუჯი,დუბლინელები,ჯეიმზ ჯოისი,https://www.artanuji.ge/book_ge.php?id=381,9789941478871,19.95,https://www.artanuji.ge/img-site/upload/books/thumb_8920959802.jpg
არტანუჯი,ეროვნული ხელისუფლების 419 დღე. I ნაწილი,გიგი გიოშვილი,https://www.artanuji.ge/book_ge.php?id=380,978-9941-494-54-3,59.95,https://www.artanuji.ge/img-site/upload/books/thumb_480593317.jpg
არტანუჯი,ოთარ ჭილაძე,65 ამბავი,https://www.artanuji.ge/book_ge.php?id=379,978-9941-478-82-6,11.95,https://www.artanuji.ge/img-site/upload/books/thumb_3756676707.jpg
არტანუჯი,მემუარები,ბაბო შარვაშიძე,https://www.artanuji.ge/book_ge.php?id=378,978-9941-478-75-8,14.95,https://www.artanuji.ge/img-site/upload/books/thumb_8445284217.jpg
არტანუჯი,თამაზ ჭილაძე,55 ამბავი,https://www.artanuji.ge/book_ge.php?id=377,9789941478819,12.00,https://www.artanuji.ge/img-site/upload/books/thumb_7674612598.jpg
არტანუჯი,მიგელ დე სერვანტესის არაჩვეულებრივი თავგადასავალი,ემა ვიგოდსკაია,https://www.artanuji.ge/book_ge.php?id=376,9789941478529,24.95,https://www.artanuji.ge/img-site/upload/books/thumb_8094788547.jpg
არტანუჯი,დიდი გასეირნება ლიტერატურაში,ლევან ბერძენიშვილი ,https://www.artanuji.ge/book_ge.php?id=375,978-9941-478-77-2,22.00,https://www.artanuji.ge/img-site/upload/books/thumb_6041659633.jpg
არტანუჯი,პენელოპე. მგზავრი,შორენა ლებანიძე,https://www.artanuji.ge/book_ge.php?id=374,9789941478741,12.00,https://www.artanuji.ge/img-site/upload/books/thumb_5231261011.jpg
არტანუჯი,ოსმალოს საქართველოს შესახებ,გუსტავ რადე,https://www.artanuji.ge/book_ge.php?id=373,9789941478598,6.95,https://www.artanuji.ge/img-site/upload/books/thumb_1592538612.jpg
არტანუჯი,სპილო წყვდიადში,ზურაბ გურული,https://www.artanuji.ge/book_ge.php?id=372,9789941478673,16.95,https://www.artanuji.ge/img-site/upload/books/thumb_3162591219.jpg
არტანუჯი,ჯოისის ლაბირინთი,თემურ გაბუნია,https://www.artanuji.ge/book_ge.php?id=371,9789941478680,14.00,https://www.artanuji.ge/img-site/upload/books/thumb_6873847059.jpg
არტანუჯი,150 ამბავი მუსიკაზე,გია ბუღაძე,https://www.artanuji.ge/book_ge.php?id=370,9789941478666,19.00,https://www.artanuji.ge/img-site/upload/books/thumb_9453482199.jpg
არტანუჯი,ვეფხისტყაოსანი - II ნაწილი,შოთა რუსთაველი,https://www.artanuji.ge/book_ge.php?id=369,9789941478567,9.90,https://www.artanuji.ge/img-site/upload/books/thumb_1609824062.jpg
არტანუჯი,არტთერაპია ფსიქიკური დარღვევების დროს,"ფლორა ფონ შპრეტი, ფილიპ მარციუსი, ჰანს ფიორსტლი",https://www.artanuji.ge/book_ge.php?id=368,9789941478659,48.95,https://www.artanuji.ge/img-site/upload/books/thumb_7603094880.jpg
არტანუჯი,წყვდიადის გული,ჯოზეფ კონრადი,https://www.artanuji.ge/book_ge.php?id=367,9789941478642,16.95,https://www.artanuji.ge/img-site/upload/books/thumb_4739070343.jpg
არტანუჯი,რამსფელდის წესები,დონალდ რამსფელდი,https://www.artanuji.ge/book_ge.php?id=366,9789941478499,24.95,https://www.artanuji.ge/img-site/upload/books/thumb_7787182074.JPG
არტანუჯი,უცნობი,ვახტანგ ჯავახაძე,https://www.artanuji.ge/book_ge.php?id=365,978-9941-478-48-2,49.95,https://www.artanuji.ge/img-site/upload/books/thumb_4267259133.jpg
არტანუჯი,თხზულებანი (ტომი VI),ექვთიმე თაყაიშვილი,https://www.artanuji.ge/book_ge.php?id=364,9789941478468,39.95,https://www.artanuji.ge/img-site/upload/books/thumb_6275305156.jpg
არტანუჯი,თხზულებანი (ტომი V),ექვთიმე თაყაიშვილი,https://www.artanuji.ge/book_ge.php?id=363,9789941478437,35.00,https://www.artanuji.ge/img-site/upload/books/thumb_8628914295.jpg
არტანუჯი,13 წელიწადი კოლხურ კოშკში,დალი ლოლუა,https://www.artanuji.ge/book_ge.php?id=362,9789941478581,12.95,https://www.artanuji.ge/img-site/upload/books/thumb_9546987256.jpg
არტანუჯი,თბილისი (ძველი ქალაქის ისტორია),ალექსანდრე ელისაშვილი,https://www.artanuji.ge/book_ge.php?id=361,9789941478628,14.95,https://www.artanuji.ge/img-site/upload/books/thumb_4956742413.jpg
არტანუჯი,ვეფხისტყაოსანი,შოთა რუსთაველი,https://www.artanuji.ge/book_ge.php?id=360,9789941478604,24.95,https://www.artanuji.ge/img-site/upload/books/thumb_4337600031.jpg
არტანუჯი,ზღვას ვევედრები,ხალიდ ჰოსეინი,https://www.artanuji.ge/book_ge.php?id=359,None,21.95,https://www.artanuji.ge/img-site/upload/books/thumb_4082577852.jpg
არტანუჯი,Тетрадь (РУССКИЙ ЯЗЫК) - ს I,"მაია ლორდქიფანიძე, ირინა ჩხეიძე, თამარ ჩიმაკაძე",https://www.artanuji.ge/book_ge.php?id=358,None,4.50,https://www.artanuji.ge/img-site/upload/books/thumb_6550322505.jpg
არტანუჯი,Русский Язык (რუსული ენა) ს I,"მაია ლორდქიფანიძე, ირინა ჩხეიძე, თამარ ჩიმაკაძე",https://www.artanuji.ge/book_ge.php?id=357,None,8.40,https://www.artanuji.ge/img-site/upload/books/thumb_6670280941.jpg
არტანუჯი,150 ამბავი გურიასა და გურულებზე,ირაკლი მახარაძე,https://www.artanuji.ge/book_ge.php?id=356,978-9941-478-57-4,14.90,https://www.artanuji.ge/img-site/upload/books/thumb_4432177520.jpg
არტანუჯი,ნაპოვნი დრო,მარსელ პრუსტი,https://www.artanuji.ge/book_ge.php?id=355,9789941478963,24.95,https://www.artanuji.ge/img-site/upload/books/thumb_2840746324.jpg
არტანუჯი,დაუმარცხებლები,უილიამ ფოლკნერი,https://www.artanuji.ge/book_ge.php?id=354,9789941478789,24.95,https://www.artanuji.ge/img-site/upload/books/thumb_2611896898.jpg
არტანუჯი,იმ დროს,გელა ჩარკვიანი,https://www.artanuji.ge/book_ge.php?id=353,978-9941-478-01-7,10.00,https://www.artanuji.ge/img-site/upload/books/thumb_7741726757.jpg
არტანუჯი,გეოგრაფიული ფაქტორი და ქართული კულტურა,ტარიელ გვალია,https://www.artanuji.ge/book_ge.php?id=352,978-9941-463-72-3,8.95,https://www.artanuji.ge/img-site/upload/books/thumb_1875169901.jpg
არტანუჯი,ლაზური ტექსტები,ნოდარ კაკაბაძე,https://www.artanuji.ge/book_ge.php?id=351,978-9941-478-32-1,13.40,https://www.artanuji.ge/img-site/upload/books/thumb_8083886406.jpg
არტანუჯი,დღიური შარდენის მოგზაურობისა,ჟან შარდენი,https://www.artanuji.ge/book_ge.php?id=350,9789941478284,19.95,https://www.artanuji.ge/img-site/upload/books/thumb_1301324497.jpg
არტანუჯი,სამეგრელო,ჟიულ მურიე,https://www.artanuji.ge/book_ge.php?id=349,9789941478291,24.95,https://www.artanuji.ge/img-site/upload/books/thumb_3804529868.jpg
არტანუჯი,იმპრესიონსტები / 60 ამბავი,ფრიდონ საყვარელიძე,https://www.artanuji.ge/book_ge.php?id=347,9789941478208,14.00,https://www.artanuji.ge/img-site/upload/books/thumb_5528806489.jpg
არტანუჯი,ზღვარზე,გურამ წიბახაშვილი,https://www.artanuji.ge/book_ge.php?id=346,978-9941-478-22-2,64.00,https://www.artanuji.ge/img-site/upload/books/thumb_9181898846.jpg
არტანუჯი,საქართველოს დემოკრატიული რესპუბლიკა,100 წელი/100ამბავი,https://www.artanuji.ge/book_ge.php?id=345,978-9941-478-31-4,10.00,https://www.artanuji.ge/img-site/upload/books/thumb_4184731016.jpg
არტანუჯი,100 უცნაური ამბავი ცხოველთა სამყაროზე,კახა კუდავა,https://www.artanuji.ge/book_ge.php?id=344,978-9941-478-33-8,8.40,https://www.artanuji.ge/img-site/upload/books/thumb_6445879256.jpg
არტანუჯი,ვაჟა-ფშაველა,156 ამბავი,https://www.artanuji.ge/book_ge.php?id=343,978-9941-478-30-7,15.00,https://www.artanuji.ge/img-site/upload/books/thumb_9007561001.jpg
არტანუჯი,მერაბ კოსტავა,79 ამბავი,https://www.artanuji.ge/book_ge.php?id=342,9789941478277,10.00,https://www.artanuji.ge/img-site/upload/books/thumb_3898221245.jpg
არტანუჯი,ქართველები უცხოელთა თვალით (XV-XVII სს),ალექსანდრე მიქაბერიძე,https://www.artanuji.ge/book_ge.php?id=341,978-9941-478-15-4,14.40,https://www.artanuji.ge/img-site/upload/books/thumb_8516225474.jpg
არტანუჯი,ძველი ქართული რეკლამა,150 განცხადება,https://www.artanuji.ge/book_ge.php?id=340,9789941478215,10.00,https://www.artanuji.ge/img-site/upload/books/thumb_5054521407.jpg
არტანუჯი,საქართველო უცხოელთა თვალით (XV-XVII სს.),ალექსანდრე მიქაბერიძე,https://www.artanuji.ge/book_ge.php?id=339,9789941478260,14.40,https://www.artanuji.ge/img-site/upload/books/thumb_266972775.jpg
არტანუჯი,5 რომანი,გრიგოლ რობაქიძე ,https://www.artanuji.ge/book_ge.php?id=338,9789941463617,35.00,https://www.artanuji.ge/img-site/upload/books/thumb_8995062960.jpg
არტანუჯი,უკანასკნელი მოწმეები,სვეტლანა ალექსიევიჩი ,https://www.artanuji.ge/book_ge.php?id=337,978-9941-478-19-2,19.90,https://www.artanuji.ge/img-site/upload/books/thumb_561978109.jpg
არტანუჯი,ვეფხისტყაოსანი,შოთა რუსთაველი,https://www.artanuji.ge/book_ge.php?id=336,978-9941-478-18-5,85.00,https://www.artanuji.ge/img-site/upload/books/thumb_7746878946.jpg
არტანუჯი,რატომ ირჩევენ რუსები პუტინს,ბერნარ ლ. მორი,https://www.artanuji.ge/book_ge.php?id=335,978-9941-476-09-9,24.00,https://www.artanuji.ge/img-site/upload/books/thumb_666359616.jpg
არტანუჯი,დიმიტრი ყიფიანი,131 ამბავი,https://www.artanuji.ge/book_ge.php?id=334,978-9941-478-16-1,11.20,https://www.artanuji.ge/img-site/upload/books/thumb_8789960001.jpg
არტანუჯი,ტომი 18,ქართული დიპლომატია. წელიწდეული. ,https://www.artanuji.ge/book_ge.php?id=333,None,11.50,https://www.artanuji.ge/img-site/upload/books/thumb_2216292591.jpg
არტანუჯი,50 ალბომით შემოპარული თავისუფლება,ნიკა რურუა,https://www.artanuji.ge/book_ge.php?id=332,978-9941-478-06-2,11.70,https://www.artanuji.ge/img-site/upload/books/thumb_6609632936.jpg
არტანუჯი,სასაზღვრო ფიქრები,ფარნა-ბექა ჩილაშვილი ,https://www.artanuji.ge/book_ge.php?id=331,9994055429,5.40,https://www.artanuji.ge/img-site/upload/books/thumb_4060080703.jpg
არტანუჯი,სანამ თოვს,ფარნა-ბექა ჩილაშვილი ,https://www.artanuji.ge/book_ge.php?id=330,9789941421402,7.00,https://www.artanuji.ge/img-site/upload/books/thumb_3813606863.jpg
არტანუჯი,ერთი წვეთი ლიმონი,ფარნა-ბექა ჩილაშვილი ,https://www.artanuji.ge/book_ge.php?id=329,None,9.00,https://www.artanuji.ge/img-site/upload/books/thumb_5848851194.jpg
არტანუჯი,14 აპრილი,1978,https://www.artanuji.ge/book_ge.php?id=328,978-9941-478-08-6,21.90,https://www.artanuji.ge/img-site/upload/books/thumb_3999053300.jpg
არტანუჯი,ზვიად გამსახურდია,79 ამბავი,https://www.artanuji.ge/book_ge.php?id=327,978-9941-478-01-7,8.10,https://www.artanuji.ge/img-site/upload/books/thumb_720258671.jpg
არტანუჯი,ქართველი მწერლები,130 ამბავი,https://www.artanuji.ge/book_ge.php?id=326,978-9941-478-07-9,11.70,https://www.artanuji.ge/img-site/upload/books/thumb_9379646512.jpg
არტანუჯი,100 ფოტოამბავი 2000-იან წლებზე,გურამ წიბახაშვილი,https://www.artanuji.ge/book_ge.php?id=325,978-9941-478-05-5,11.70,https://www.artanuji.ge/img-site/upload/books/thumb_9789053006.jpg
არტანუჯი,100 ფოტოამბავი 90-იან წლებზე,გურამ წიბახაშვილი,https://www.artanuji.ge/book_ge.php?id=324,978-9941-478-04-8,11.70,https://www.artanuji.ge/img-site/upload/books/thumb_9279995439.jpg
არტანუჯი,ველური პალმები,უილიამ ფოლკნერი,https://www.artanuji.ge/book_ge.php?id=323,978-9941-463-40-2,22.90,https://www.artanuji.ge/img-site/upload/books/thumb_9054602067.jpg
არტანუჯი,100 ფოტოამბავი 80-იან წლებზე,გურამ წიბახაშვილი,https://www.artanuji.ge/book_ge.php?id=322,978-9941-478-02-4,11.70,https://www.artanuji.ge/img-site/upload/books/thumb_2484928406.jpg
არტანუჯი,45+45 ამბავი ფეხბურთზე,ზვიად ბერეკაშვილი,https://www.artanuji.ge/book_ge.php?id=321,9789941478116,10.00,https://www.artanuji.ge/img-site/upload/books/thumb_7696186359.jpg
არტანუჯი,სხვა იოსები ,ქეთევან დავრიშევი (დავრიშაშვილი),https://www.artanuji.ge/book_ge.php?id=320,978-9941-463-76-1,10.80,https://www.artanuji.ge/img-site/upload/books/thumb_2574465954.jpg
არტანუჯი,"დღე, რომელსაც ვზეიმობთ",ო. ჰენრი,https://www.artanuji.ge/book_ge.php?id=319,978-9941-463-74-7,12.00,https://www.artanuji.ge/img-site/upload/books/thumb_1647222060.jpg
არტანუჯი,მე პაოლო ვარ,ნინო ჩხიკვიშვილი,https://www.artanuji.ge/book_ge.php?id=318,978-9941-463-75-4,10.00,https://www.artanuji.ge/img-site/upload/books/thumb_6807548273.jpg
არტანუჯი,შუა საუკუნეები,111 ამბავი,https://www.artanuji.ge/book_ge.php?id=317,978-9941-463-73-0,8.10,https://www.artanuji.ge/img-site/upload/books/thumb_9373610769.jpg
არტანუჯი,მეფე და მებაღე,ფრიდონ საყვარელიძე,https://www.artanuji.ge/book_ge.php?id=316,978-9941-463-71-6,8.50,https://www.artanuji.ge/img-site/upload/books/thumb_7349119656.jpg
არტანუჯი,მსოფლიო მონარქები,100 ამბავი,https://www.artanuji.ge/book_ge.php?id=315,978-9941-463-68-6,8.10,https://www.artanuji.ge/img-site/upload/books/thumb_6669904282.jpg
არტანუჯი,თხზულებანი (ტომი IV),ექვთიმე თაყაიშვილი,https://www.artanuji.ge/book_ge.php?id=314,978-9941-463-65-5,35.00,https://www.artanuji.ge/img-site/upload/books/thumb_5595946139.jpg
არტანუჯი,ილია ჭავჭავაძე,180 ამბავი,https://www.artanuji.ge/book_ge.php?id=313,978-9941-463-67-9,16.00,https://www.artanuji.ge/img-site/upload/books/thumb_8341262019.jpg
არტანუჯი,150 ამბავი ნობელიანტ ფიზიკოსებზე,კახმეგ კუდავა,https://www.artanuji.ge/book_ge.php?id=312,978-9941-463-57-0,8.50,https://www.artanuji.ge/img-site/upload/books/thumb_1532253571.jpg
არტანუჯი,თხზულებანი (ტომი III),ექვთიმე თაყაიშვილი,https://www.artanuji.ge/book_ge.php?id=311,978-9941-463-63-1,35.00,https://www.artanuji.ge/img-site/upload/books/thumb_4234123346.jpg
არტანუჯი,ცაში გამოკიდებული სახლი,მედეა ზაალიშვილი,https://www.artanuji.ge/book_ge.php?id=310,978-9941-463-62-4,11.50,https://www.artanuji.ge/img-site/upload/books/thumb_3450824613.jpg
არტანუჯი,წმინდა ელენეს პატიმრის მაქსიმები და აზრები,ნაპოლეონ ბონაპარტე,https://www.artanuji.ge/book_ge.php?id=309,9789941445682,10.00,https://www.artanuji.ge/img-site/upload/books/thumb_8751327311.jpg
არტანუჯი,პირადი წერილები,ჯეიმზ ჯოისი,https://www.artanuji.ge/book_ge.php?id=308,9789941445385,17.00,https://www.artanuji.ge/img-site/upload/books/thumb_7890971018.jpg
არტანუჯი,თხზულებანი (ტომი II),ექვთიმე თაყაიშვილი,https://www.artanuji.ge/book_ge.php?id=307,978-9941-445-72-9,35.00,https://www.artanuji.ge/img-site/upload/books/thumb_8627395927.jpg
არტანუჯი,ტაო-კლარჯეთი,ისტორიისა და კულტურის ძეგლების კატალოგი,https://www.artanuji.ge/book_ge.php?id=306,9789941478178,70.00,https://www.artanuji.ge/img-site/upload/books/thumb_6699066357.jpg
არტანუჯი,ქუეყანა ანისისა (ისტორიულ-გეოგრაფიული ნარკვევი),გიორგი ჭეიშვილი,https://www.artanuji.ge/book_ge.php?id=305,978-9941-463-55-6,11.00,https://www.artanuji.ge/img-site/upload/books/thumb_6243255599.jpg
არტანუჯი,კონსერვის რიგი,ჯონ სტაინბეკი,https://www.artanuji.ge/book_ge.php?id=304,978 9941 463 99 0,16.00,https://www.artanuji.ge/img-site/upload/books/thumb_4595515662.jpg
არტანუჯი,„ავკარგიანობა გიორგი სააკაძისა“ (ჩვენი ეროვნული გმირი თუ ქართველი ალკიბიადე?!),გურამ ყორანაშვილი,https://www.artanuji.ge/book_ge.php?id=303,978-9941-463-54-9,13.50,https://www.artanuji.ge/img-site/upload/books/thumb_8613735446.jpg
არტანუჯი,64 ამბავი ფოტოგრაფიაზე,გურამ წიბახაშვილი,https://www.artanuji.ge/book_ge.php?id=302,978 9941 463 56 3,15.00,https://www.artanuji.ge/img-site/upload/books/thumb_7338549746.jpg
არტანუჯი,„ლაზური გვარსახელები (ლაზური ანთროპონომიის საკითხები)“,ბაკურ გოგოხია,https://www.artanuji.ge/book_ge.php?id=301,978-9941-463-22-8,11.00,https://www.artanuji.ge/img-site/upload/books/thumb_4792434242.jpg
არტანუჯი,ფშავ-ხევსურეთი,ტურისტული გზამკვლევი,https://www.artanuji.ge/book_ge.php?id=300,978-9941-463-60-0,10.00,https://www.artanuji.ge/img-site/upload/books/thumb_474336068.jpg
არტანუჯი,ეროვნული გამოცდების სიმულაცია ისტორიაში (ტესტები და რეკომენდაციები აბიტურიენტებისთვის),"გიორგი მეჭურჭლიშვილი, არჩილ თაბუკაშვილი, კონსტანტინე ბარამია",https://www.artanuji.ge/book_ge.php?id=299,978-9941-463-59-4,17.00,https://www.artanuji.ge/img-site/upload/books/thumb_4488150193.jpg
არტანუჯი,ცინკის ბიჭები,სვეტლანა ალექსიევიჩი ,https://www.artanuji.ge/book_ge.php?id=298,978-9941-463-58-7,18.00,https://www.artanuji.ge/img-site/upload/books/thumb_7306213774.jpg
არტანუჯი,შემოქმედი,ანდრეს ინიესტა,https://www.artanuji.ge/book_ge.php?id=297,978-9941-463-53-2,22.00,https://www.artanuji.ge/img-site/upload/books/thumb_7818102631.jpg
არტანუჯი,60 ამბავი უცხოეთში დაკარგულ ქართველებზე,ალექსანდრე მიქაბერიძე,https://www.artanuji.ge/book_ge.php?id=296,978-9941-463-51-8,14.00,https://www.artanuji.ge/img-site/upload/books/thumb_7986722341.jpg
არტანუჯი,130 ამბავი,ლუდი,https://www.artanuji.ge/book_ge.php?id=295,978-9941-463-46-4,12.00,https://www.artanuji.ge/img-site/upload/books/thumb_1340153529.jpg
არტანუჯი,თარგმანები,მედეა ზაალიშვილი,https://www.artanuji.ge/book_ge.php?id=294,978-9941-445-38-5,13.00,https://www.artanuji.ge/img-site/upload/books/thumb_4675139831.jpg
არტანუჯი,სახატავ რვეულში ჩაწერილი ზღაპრები,დიანა ანფიმიადი,https://www.artanuji.ge/book_ge.php?id=293,978-9941-463-50-1,17.00,https://www.artanuji.ge/img-site/upload/books/thumb_5516475513.jpg
არტანუჯი,ერთი უჩვეულო ოჯახი,ქრისტინე ფაღავა ბულეზი,https://www.artanuji.ge/book_ge.php?id=292,978-9941-463-48-8,20.00,https://www.artanuji.ge/img-site/upload/books/thumb_6898883660.jpg
არტანუჯი,თხზულებანი,დიმიტრი ყიფიანი,https://www.artanuji.ge/book_ge.php?id=291,978-9941-463-36-5,15.00,https://www.artanuji.ge/img-site/upload/books/thumb_9467550814.jpg
არტანუჯი,ქარვის ქალები,ქევსერ რუჰი (ქეთი ხანთაძე),https://www.artanuji.ge/book_ge.php?id=290,978-9941-463-89-1,0.00,https://www.artanuji.ge/img-site/upload/books/thumb_7479767650.jpg
არტანუჯი,აგვისტოს ნათელი,უილიამ ფოლკნერი,https://www.artanuji.ge/book_ge.php?id=289,978-9941-445-86-6,24.00,https://www.artanuji.ge/img-site/upload/books/thumb_7725958931.jpg
არტანუჯი,გვამის შემგინებელი,უილიამ ფოლკნერი,https://www.artanuji.ge/book_ge.php?id=288,978-9941-445-83-5,19.00,https://www.artanuji.ge/img-site/upload/books/thumb_9691298273.jpg
არტანუჯი,აზრები,პოლ ვალერი ,https://www.artanuji.ge/book_ge.php?id=287,978-9941-445-67-5,12.50,https://www.artanuji.ge/img-site/upload/books/thumb_7956923046.jpg
არტანუჯი,ბოჰემის მნათობები,რამონ მარია დელ ვალიე-ინკლანი,https://www.artanuji.ge/book_ge.php?id=286,978-9941-463-19-8,12.00,https://www.artanuji.ge/img-site/upload/books/thumb_8385925809.jpg
არტანუჯი,პეტერბურგი,ანდრეი ბელი,https://www.artanuji.ge/book_ge.php?id=285,978-9941-445-84-2,18.00,https://www.artanuji.ge/img-site/upload/books/thumb_5715269977.jpg
არტანუჯი,120 ამბავი,ალექსანდრე მაკედონელი,https://www.artanuji.ge/book_ge.php?id=284,978-9941-463-45-7,10.00,https://www.artanuji.ge/img-site/upload/books/thumb_7924232878.jpg
არტანუჯი,სექენდ ჰენდის დრო,სვეტლანა ალექსიევიჩი ,https://www.artanuji.ge/book_ge.php?id=283,978-9941-463-47-1,22.00,https://www.artanuji.ge/img-site/upload/books/thumb_7278052279.jpg
არტანუჯი,მანანა ანუა – ტყვეობის ორმოცდათორმეტი დღე,შორენა ლებანიძე,https://www.artanuji.ge/book_ge.php?id=282,978-9941-463-42-6,0.00,https://www.artanuji.ge/img-site/upload/books/thumb_5184340565.jpg
არტანუჯი,პირადი მიმოწერა,მარი ბროსე,https://www.artanuji.ge/book_ge.php?id=281,978-9941-463-29-7,16.00,https://www.artanuji.ge/img-site/upload/books/thumb_9940418698.jpg
არტანუჯი,ქრონიკები (II ტომი),თედო ჟორდანია,https://www.artanuji.ge/book_ge.php?id=280,9789941478147,75.00,https://www.artanuji.ge/img-site/upload/books/thumb_5458211912.jpg
არტანუჯი,რუსოფობია,ნუგზარ ზაზანაშვილი,https://www.artanuji.ge/book_ge.php?id=279,978-9941-463-79-2,22.00,https://www.artanuji.ge/img-site/upload/books/thumb_7620833199.jpg
არტანუჯი,თხზულებანი (ტომი I),ექვთიმე თაყაიშვილი,https://www.artanuji.ge/book_ge.php?id=278,978-9941-463-96-9,35.00,https://www.artanuji.ge/img-site/upload/books/thumb_7614208315.jpg
არტანუჯი,დიდი ექვთიმე,ავტორთა კოლექტივი,https://www.artanuji.ge/book_ge.php?id=277,978-9941-445-70-5,35.00,https://www.artanuji.ge/img-site/upload/books/thumb_3989534825.jpg
არტანუჯი,წერილები,ვახტანგ კოტეტიშვილი,https://www.artanuji.ge/book_ge.php?id=276,None,25.00,https://www.artanuji.ge/img-site/upload/books/thumb_2093601664.jpg
არტანუჯი,200 ამბავი მხატვრობაზე,გია ბუღაძე,https://www.artanuji.ge/book_ge.php?id=275,978-9941-463-39-6,24.00,https://www.artanuji.ge/img-site/upload/books/thumb_3154614223.jpg
არტანუჯი,უცნობი პორტისკენ,ანა დოლიძე,https://www.artanuji.ge/book_ge.php?id=273,978-9941-463-34-1,12.00,https://www.artanuji.ge/img-site/upload/books/thumb_4398850295.jpg
არტანუჯი,მძღოლის მეგობარი,გოგა გაგნიძე,https://www.artanuji.ge/book_ge.php?id=272,978-9941-463-91-4,11.00,https://www.artanuji.ge/img-site/upload/books/thumb_788956410.jpg
არტანუჯი,ცისარტყელა განთიადისას,ნინო ტაბიძე,https://www.artanuji.ge/book_ge.php?id=271,None,11.20,https://www.artanuji.ge/img-site/upload/books/thumb_9115930036.jpg
არტანუჯი,მადამ გილიოტინას საყვარლები,ფრიდონ საყვარელიძე,https://www.artanuji.ge/book_ge.php?id=270,978-9941-463-13-6,7.00,https://www.artanuji.ge/img-site/upload/books/thumb_7175882006.jpg
არტანუჯი,დრო და დრამები,ლერი ალიმონაკი,https://www.artanuji.ge/book_ge.php?id=269,978-9941-463-20-4,9.60,https://www.artanuji.ge/img-site/upload/books/thumb_4295334410.jpg
არტანუჯი,"ის, რაც გაგვაძლიერებს",ნიკა რურუა,https://www.artanuji.ge/book_ge.php?id=268,978-9941-463-86-0,10.00,https://www.artanuji.ge/img-site/upload/books/thumb_2093871496.jpg
არტანუჯი,წიგნიერების ევოლუცია,ლევან ბერძენიშვილი ,https://www.artanuji.ge/book_ge.php?id=267,978-9941-463-23-5,14.00,https://www.artanuji.ge/img-site/upload/books/thumb_2835686630.jpg
არტანუჯი,პირადი წერილები,ნიკოლოზ ბარათაშვილი,https://www.artanuji.ge/book_ge.php?id=266,978-9941-463-08-2,14.00,https://www.artanuji.ge/img-site/upload/books/thumb_9552661562.jpg
არტანუჯი,უკანასკნელი ცისფერყანწელი,ნინო ჩხიკვიშვილი,https://www.artanuji.ge/book_ge.php?id=265,978-9941-445-94-1,13.00,https://www.artanuji.ge/img-site/upload/books/thumb_7226433199.jpg
არტანუჯი,"ფაზლი, ეტლი, წინდა",ჩვენი დროის ისტორიები,https://www.artanuji.ge/book_ge.php?id=264,978-9941-445-92-7,8.00,https://www.artanuji.ge/img-site/upload/books/thumb_6792684332.jpg
არტანუჯი,საქართველოს ოცწლამდელ მორაგბეთა ნაკრების ისტორიები,U 20,https://www.artanuji.ge/book_ge.php?id=263,978-9941-463-00-6,6.70,https://www.artanuji.ge/img-site/upload/books/thumb_7135328650.jpg
არტანუჯი,ირაკლი ფარჯიანი და შეხვედრის მეტაფიზიკა,ზაზა ფირალიშვილი,https://www.artanuji.ge/book_ge.php?id=262,978-9941-445-99-6,4.10,https://www.artanuji.ge/img-site/upload/books/thumb_8538234001.jpg
არტანუჯი,პირადი წერილები,კონსტანტინე გამსახურდია,https://www.artanuji.ge/book_ge.php?id=261,978-9941-445-95-8,12.50,https://www.artanuji.ge/img-site/upload/books/thumb_9804288968.jpg
არტანუჯი,პირველად იყო... ლაქა,ია ანთაძე,https://www.artanuji.ge/book_ge.php?id=260,978-9941-445-05-7,9.50,https://www.artanuji.ge/img-site/upload/books/thumb_1236670962.jpg
არტანუჯი,დღიური,მიხეილ ხერგიანი,https://www.artanuji.ge/book_ge.php?id=259,978-9941-463-04-4,10.50,https://www.artanuji.ge/img-site/upload/books/thumb_5614001355.jpg
არტანუჯი,მე და ჩემი წილი მამა,მანანა ამირეჯიბი,https://www.artanuji.ge/book_ge.php?id=258,978-9941-445-35-4,11.00,https://www.artanuji.ge/img-site/upload/books/thumb_7203089059.jpg
არტანუჯი,სტალინთან ურთიერთობის ეპიზოდები,კანდიდ ჩარკვიანი,https://www.artanuji.ge/book_ge.php?id=257,978-9941-445-90-3,12.00,https://www.artanuji.ge/img-site/upload/books/thumb_2320984299.jpg
არტანუჯი,თარგმანი და ორიგინალი,ლევან ბრეგაძე,https://www.artanuji.ge/book_ge.php?id=256,978-9941-445-65-1,10.40,https://www.artanuji.ge/img-site/upload/books/thumb_2714394419.jpg
არტანუჯი,ისევ მე ვარ?! ისევ მოვსულვარ!,ესმა ონიანი,https://www.artanuji.ge/book_ge.php?id=255,978-9941-463-01-3,17.95,https://www.artanuji.ge/img-site/upload/books/thumb_4672690946.jpg
არტანუჯი,ცხრათავიანი ფეხბურთის ზღაპარი,გიორგი კეკელიძე,https://www.artanuji.ge/book_ge.php?id=254,978-9941-445-89-7,6.00,https://www.artanuji.ge/img-site/upload/books/thumb_5163724482.jpg
არტანუჯი,მე რომ ფეხბურთელი ვიყო,დათო ტურაშვილი,https://www.artanuji.ge/book_ge.php?id=253,978-9941-445-96-5,10.80,https://www.artanuji.ge/img-site/upload/books/thumb_6142349182.jpg
არტანუჯი,ასი მილიონი გირვანქა სტერლინგით შორს,აკა მორჩილაძე,https://www.artanuji.ge/book_ge.php?id=252,978-9941-445-82-8,8.90,https://www.artanuji.ge/img-site/upload/books/thumb_7200127649.jpg
არტანუჯი,გვიანანტიკური საქართველოს სამხედრო ისტორია,ნიკა ხოფერია,https://www.artanuji.ge/book_ge.php?id=251,978-9941-445-85-9,8.00,https://www.artanuji.ge/img-site/upload/books/thumb_173322637.jpg
არტანუჯი,ვეფხისტყაოსანი,შოთა რუსთაველი,https://www.artanuji.ge/book_ge.php?id=250,978-9941-463-93-8,14.00,https://www.artanuji.ge/img-site/upload/books/thumb_8759959610.jpg
არტანუჯი,აზრები,ჰომეროსიდან ვუდი ალენამდე,https://www.artanuji.ge/book_ge.php?id=249,978-9941-463-92-1,18.00,https://www.artanuji.ge/img-site/upload/books/thumb_3913512304.jpg
არტანუჯი,ფერწერა / გრაფიკა / ილუსტრაცია,რუსუდან ფეტვიაშვილი,https://www.artanuji.ge/book_ge.php?id=248,978-9941-463-84-6,70.00,https://www.artanuji.ge/img-site/upload/books/thumb_1387345939.jpg
არტანუჯი,საქართველოს ისტორიის ატლასი,დავით მუსხელიშვილი,https://www.artanuji.ge/book_ge.php?id=247,978-9941-463-83-9,100.00,https://www.artanuji.ge/img-site/upload/books/thumb_8825296354.jpg
არტანუჯი,კულინარია ჰობად,Katy & Acho,https://www.artanuji.ge/book_ge.php?id=246,978-9941-463-82-2,19.95,https://www.artanuji.ge/img-site/upload/books/thumb_6280291695.jpg
არტანუჯი,ბალახის სიმაღლე,თემურ ჩხეტიანი,https://www.artanuji.ge/book_ge.php?id=245,978-9941-463-87-7,6.40,https://www.artanuji.ge/img-site/upload/books/thumb_508233681.jpg
არტანუჯი,ათასი მოელვარე მზე,ხალიდ ჰოსეინი,https://www.artanuji.ge/book_ge.php?id=243,978-9941-463-95-2,22.00,https://www.artanuji.ge/img-site/upload/books/thumb_7453786577.jpg
არტანუჯი,მთებმა მთებს უთხრეს,ხალიდ ჰოსეინი,https://www.artanuji.ge/book_ge.php?id=242,978-9941-463-28-0,15.00,https://www.artanuji.ge/img-site/upload/books/thumb_7173846545.jpg
არტანუჯი,ფრანით მორბენალი,ხალიდ ჰოსეინი,https://www.artanuji.ge/book_ge.php?id=241,978-9941-463-88-4,16.50,https://www.artanuji.ge/img-site/upload/books/thumb_4602361125.jpg
არტანუჯი,აეროპორტი,სერგეი ლოიკო,https://www.artanuji.ge/book_ge.php?id=240,978-9941-463-31-0,18.00,https://www.artanuji.ge/img-site/upload/books/thumb_6941495253.jpg
არტანუჯი,ხელოვანის პორტრეტი ახალგაზრდობისას,ჯეიმზ ჯოისი,https://www.artanuji.ge/book_ge.php?id=239,978-9941-463-26-6,12.00,https://www.artanuji.ge/img-site/upload/books/thumb_7032707408.jpg
არტანუჯი,ჭოროხივით მოღელავდა შენი გრძელი თმები,ქევსერ რუჰი (ქეთი ხანთაძე),https://www.artanuji.ge/book_ge.php?id=238,978-9941-463-16-7,6.00,https://www.artanuji.ge/img-site/upload/books/thumb_8016721783.jpg
არტანუჯი,სტალინი – ძალაუფლება და იდეები,13 ავტორი,https://www.artanuji.ge/book_ge.php?id=237,978-9941-445-39-2,14.10,https://www.artanuji.ge/img-site/upload/books/thumb_9203253770.jpg
არტანუჯი,"დიდი ძუძუ-მკერდი, განიერი გავა",მო იენი ,https://www.artanuji.ge/book_ge.php?id=236,978-9941-445-87-3,16.00,https://www.artanuji.ge/img-site/upload/books/thumb_9846905982.jpg
არტანუჯი,2 რომანი ,თეოდორ დოსტოევსკი ,https://www.artanuji.ge/book_ge.php?id=235,978-9941-445-81-1,12.00,https://www.artanuji.ge/img-site/upload/books/thumb_7164562754.jpg
არტანუჯი,მელა მაშინ უკვე მონადირე იყო,ჰერტა მიულერი,https://www.artanuji.ge/book_ge.php?id=234,978-9941-463-02-0,15.50,https://www.artanuji.ge/img-site/upload/books/thumb_9109078603.jpg
არტანუჯი,რუსული დღიური,ჯონ სტაინბეკი,https://www.artanuji.ge/book_ge.php?id=233,978-9941-463-10-5,13.00,https://www.artanuji.ge/img-site/upload/books/thumb_9118635598.jpg
არტანუჯი,ტორტილა ფლეტი,ჯონ სტაინბეკი,https://www.artanuji.ge/book_ge.php?id=232,978-9941-445-97-2,12.50,https://www.artanuji.ge/img-site/upload/books/thumb_7892080917.jpg
არტანუჯი,თაგვებსა და ადამიანებზე,ჯონ სტაინბეკი,https://www.artanuji.ge/book_ge.php?id=231,978-9941-445-32-3,9.50,https://www.artanuji.ge/img-site/upload/books/thumb_5545356399.jpg
არტანუჯი,როგორც თავად იტყოდა,მარგარეტ ტეთჩერი,https://www.artanuji.ge/book_ge.php?id=230,978-9941-445-93-4,21.00,https://www.artanuji.ge/img-site/upload/books/thumb_1643735920.jpg
არტანუჯი,ჩერნობილის ლოცვა,სვეტლანა ალექსიევიჩი ,https://www.artanuji.ge/book_ge.php?id=229,978-9941-445-34-7,18.00,https://www.artanuji.ge/img-site/upload/books/thumb_6130923856.jpg
არტანუჯი,სოდომი და გომორი,მარსელ პრუსტი,https://www.artanuji.ge/book_ge.php?id=228,978-9941-463-12-9,24.50,https://www.artanuji.ge/img-site/upload/books/thumb_2672991030.jpg
არტანუჯი,იასონის მოგზაურობა,ტიმ სევერინი,https://www.artanuji.ge/book_ge.php?id=227,978-9941-445-66-8,15.00,https://www.artanuji.ge/img-site/upload/books/thumb_5989955998.jpg
არტანუჯი,საქართველო – ომისა და პოლიტიკური ქაოსის ქრონიკა პოსტსაბჭოთა საქართველოში,თომას გოლცი,https://www.artanuji.ge/book_ge.php?id=226,978-9941-445-69-9,14.00,https://www.artanuji.ge/img-site/upload/books/thumb_7019619247.jpg
არტანუჯი,თბილისი წინათ და ახლა,ღია ბარათები,https://www.artanuji.ge/book_ge.php?id=225,None,7.00,https://www.artanuji.ge/img-site/upload/books/thumb_55557587.jpg
არტანუჯი,ფერწერა,გია ბუღაძე,https://www.artanuji.ge/book_ge.php?id=224,None,7.00,https://www.artanuji.ge/img-site/upload/books/thumb_3644675528.jpg
არტანუჯი,გრაფიკა,რუსუდან ფეტვიაშვილი,https://www.artanuji.ge/book_ge.php?id=223,None,7.00,https://www.artanuji.ge/img-site/upload/books/thumb_5698133348.jpg
არტანუჯი,ფერწერა,რუსუდან ფეტვიაშვილი,https://www.artanuji.ge/book_ge.php?id=222,None,7.00,https://www.artanuji.ge/img-site/upload/books/thumb_8732418292.jpg
არტანუჯი,ახალგაზრდა ქართველი მხატვრები,ღია ბარათები,https://www.artanuji.ge/book_ge.php?id=221,None,7.00,https://www.artanuji.ge/img-site/upload/books/thumb_4630533116.jpg
არტანუჯი,გრაფიკა,ირაკლი ფარჯიანი,https://www.artanuji.ge/book_ge.php?id=220,None,7.00,https://www.artanuji.ge/img-site/upload/books/thumb_8531717541.jpg
არტანუჯი,ფერწერა,ირაკლი ფარჯიანი,https://www.artanuji.ge/book_ge.php?id=219,None,7.00,https://www.artanuji.ge/img-site/upload/books/thumb_6901627290.jpg
არტანუჯი,ფერწერა,ესმა ონიანი,https://www.artanuji.ge/book_ge.php?id=218,None,7.00,https://www.artanuji.ge/img-site/upload/books/thumb_2067549717.jpg
არტანუჯი,გრაფიკა,ესმა ონიანი,https://www.artanuji.ge/book_ge.php?id=217,None,7.00,https://www.artanuji.ge/img-site/upload/books/thumb_3920780820.jpg
არტანუჯი,XIX საუკუნის თბილისი,ღია ბარათები,https://www.artanuji.ge/book_ge.php?id=216,None,7.00,https://www.artanuji.ge/img-site/upload/books/thumb_6687307599.jpg
არტანუჯი,ბათუმი 100 წლის წინ,ღია ბარათები,https://www.artanuji.ge/book_ge.php?id=215,None,7.00,https://www.artanuji.ge/img-site/upload/books/thumb_1669326121.jpg
არტანუჯი,სოხუმი 100 წლის წინ,ღია ბარათები,https://www.artanuji.ge/book_ge.php?id=214,None,7.00,https://www.artanuji.ge/img-site/upload/books/thumb_8546108687.jpg
არტანუჯი,ქუთაისი 100 წლის წინ,ღია ბარათები,https://www.artanuji.ge/book_ge.php?id=213,None,7.00,https://www.artanuji.ge/img-site/upload/books/thumb_1184317888.jpg
არტანუჯი,მცხეთა 100 წლის წინ,ღია ბარათები,https://www.artanuji.ge/book_ge.php?id=212,None,7.00,https://www.artanuji.ge/img-site/upload/books/thumb_5793859842.jpg
არტანუჯი,სვანეთი 100 წლის წინ,ღია ბარათები,https://www.artanuji.ge/book_ge.php?id=211,None,7.00,https://www.artanuji.ge/img-site/upload/books/thumb_9550923900.jpg
არტანუჯი,თბილისი 100 წლის წინ,ღია ბარათები,https://www.artanuji.ge/book_ge.php?id=210,None,7.00,https://www.artanuji.ge/img-site/upload/books/thumb_501187401.jpg
არტანუჯი,საქართველოს ქალაქები 100 წლის წინ,ღია ბარათები,https://www.artanuji.ge/book_ge.php?id=209,None,7.00,https://www.artanuji.ge/img-site/upload/books/thumb_6458066003.jpg
არტანუჯი,ჯავახეთი,ღია ბარათები,https://www.artanuji.ge/book_ge.php?id=208,None,7.00,https://www.artanuji.ge/img-site/upload/books/thumb_9939871118.jpg
არტანუჯი,სვანეთი,ღია ბარათები,https://www.artanuji.ge/book_ge.php?id=207,None,7.00,https://www.artanuji.ge/img-site/upload/books/thumb_5077704899.jpg
არტანუჯი,აფხაზეთი,ღია ბარათები,https://www.artanuji.ge/book_ge.php?id=206,None,7.00,https://www.artanuji.ge/img-site/upload/books/thumb_677133933.jpg
არტანუჯი,12 ილუსტრირებული არაკი,სულხან-საბა ორბელიანი,https://www.artanuji.ge/book_ge.php?id=205,None,7.00,https://www.artanuji.ge/img-site/upload/books/thumb_7321537220.jpg
არტანუჯი,ქართული სამოსი,ღია ბარათები,https://www.artanuji.ge/book_ge.php?id=204,None,7.00,https://www.artanuji.ge/img-site/upload/books/thumb_1191298663.jpg
არტანუჯი,ქართული სამზარეულო,ღია ბარათები,https://www.artanuji.ge/book_ge.php?id=203,None,7.00,https://www.artanuji.ge/img-site/upload/books/thumb_4434895953.jpg
არტანუჯი,ღვინის კულტურა საქართველოში,ღია ბარათები,https://www.artanuji.ge/book_ge.php?id=202,None,7.00,https://www.artanuji.ge/img-site/upload/books/thumb_5391262462.jpg
არტანუჯი,ხიდები საქართველოში,ღია ბარათები,https://www.artanuji.ge/book_ge.php?id=201,None,7.00,https://www.artanuji.ge/img-site/upload/books/thumb_4121711496.jpg
არტანუჯი, ხიდები საქართველოში,ღია ბარათები,https://www.artanuji.ge/book_ge.php?id=200,None,7.00,https://www.artanuji.ge/img-site/upload/books/thumb_2814698503.jpg
არტანუჯი,ქუთაისი,ღია ბარათები,https://www.artanuji.ge/book_ge.php?id=199,None,7.00,https://www.artanuji.ge/img-site/upload/books/thumb_3660652227.jpg
არტანუჯი,ბათუმი ღამით,ღია ბარათები,https://www.artanuji.ge/book_ge.php?id=198,None,7.00,https://www.artanuji.ge/img-site/upload/books/thumb_7229666113.jpg
არტანუჯი,ახალციხე,ღია ბარათები,https://www.artanuji.ge/book_ge.php?id=197,None,7.00,https://www.artanuji.ge/img-site/upload/books/thumb_6413289126.jpg
არტანუჯი,ბათუმი,ღია ბარათები,https://www.artanuji.ge/book_ge.php?id=196,None,7.00,https://www.artanuji.ge/img-site/upload/books/thumb_9851676048.jpg
არტანუჯი,თბილისი ღამით,ღია ბარათები,https://www.artanuji.ge/book_ge.php?id=195,None,7.00,https://www.artanuji.ge/img-site/upload/books/thumb_3092913185.jpg
არტანუჯი,თბილისი,ღია ბარათები,https://www.artanuji.ge/book_ge.php?id=194,None,7.00,https://www.artanuji.ge/img-site/upload/books/thumb_4980163085.jpg
არტანუჯი,სიღნაღი,ღია ბარათები,https://www.artanuji.ge/book_ge.php?id=193,None,7.00,https://www.artanuji.ge/img-site/upload/books/thumb_9036537762.jpg
არტანუჯი,მარტვილი,ღია ბარათები,https://www.artanuji.ge/book_ge.php?id=192,None,7.00,https://www.artanuji.ge/img-site/upload/books/thumb_8735842606.jpg
არტანუჯი,ტაო-კლარჯეთი,ღია ბარათები,https://www.artanuji.ge/book_ge.php?id=191,None,7.00,https://www.artanuji.ge/img-site/upload/books/thumb_1784184500.jpg
არტანუჯი,ჩემი საქართველო,ღია ბარათები,https://www.artanuji.ge/book_ge.php?id=190,None,7.00,https://www.artanuji.ge/img-site/upload/books/thumb_5643748608.jpg
არტანუჯი,საქართველო ანარეკლები,ღია ბარათები,https://www.artanuji.ge/book_ge.php?id=189,None,7.00,https://www.artanuji.ge/img-site/upload/books/thumb_9400191381.jpg
არტანუჯი,ციდან დანახული საქართველო,ღია ბარათები,https://www.artanuji.ge/book_ge.php?id=188,None,7.00,https://www.artanuji.ge/img-site/upload/books/thumb_9283028114.jpg
არტანუჯი,პეჩორის თავადი, თამაზ ჯოლოგუა,https://www.artanuji.ge/book_ge.php?id=187,978-9941-445-22-4,6.00,https://www.artanuji.ge/img-site/upload/books/thumb_5998275689.jpg
არტანუჯი,ქართული ჟურნალისტიკის ისტორია, თამაზ ჯოლოგუა,https://www.artanuji.ge/book_ge.php?id=186,978-9941-445-25-5,19.50,https://www.artanuji.ge/img-site/upload/books/thumb_3061217740.jpg
არტანუჯი,თანამედროვე ქართული დრამატურგია,"თამარ ბართაია, ლაშა ბუღაძე, დავით გაბუნია, მანანა დოიაშვილი, ირაკლი სამსონაძე, ირაკლი სოლომანაშვილი, თამაზ ჭილაძე, დათო ტურაშვილი, ბასა ჯანიკაშვილი",https://www.artanuji.ge/book_ge.php?id=185,978-9941-463-06-8,12.50,https://www.artanuji.ge/img-site/upload/books/thumb_3628481435.jpg
არტანუჯი,ებრაული დრამატურგია,"ეჰოშუა სობოლი, სავიონ ლიბრეხტი, ხანოხ ლევინი, იოსეფ ბარ იოსეფი, ედნა მაზია",https://www.artanuji.ge/book_ge.php?id=184,978-9941-445-73-6,15.00,https://www.artanuji.ge/img-site/upload/books/thumb_9101858614.jpg
არტანუჯი,თანამერდოვე სპარსული დრამატურგია,"აქბარ რადი, ამირ დეჟაქამი, ყოთბ ედ-დინ სადეყი, ნაყმე სამინი, მოჰამად ჩარმშირი, ბაჰრამ ბეიზაი",https://www.artanuji.ge/book_ge.php?id=183,978-9941-445-30-9,15.00,https://www.artanuji.ge/img-site/upload/books/thumb_4480502032.jpg
არტანუჯი,წიგნი II,თანამედროვე გერმანულენოვანი დრამატურგია,https://www.artanuji.ge/book_ge.php?id=182,978-9941-445-31-6,14.90,https://www.artanuji.ge/img-site/upload/books/thumb_6827657227.jpg
არტანუჯი,წიგნი I,თანამედროვე გერმანულენოვანი დრამატურგია,https://www.artanuji.ge/book_ge.php?id=181,978-9941-445-09-5,15.00,https://www.artanuji.ge/img-site/upload/books/thumb_4503287281.jpg
არტანუჯი,საბავშვო ლოცვანი,ნანა ყუფარაძე,https://www.artanuji.ge/book_ge.php?id=180,978-9941-463-14-3,5.00,https://www.artanuji.ge/img-site/upload/books/thumb_6118455426.jpg
არტანუჯი,ტყისპირა ქოხიდან მოყოლილი ამბავი,ბესიკ კეკელიძე,https://www.artanuji.ge/book_ge.php?id=179,978-9941-445-76-7,8.90,https://www.artanuji.ge/img-site/upload/books/thumb_4136834042.jpg
არტანუჯი,ექიმი კოდალა,ირმა მალაციძე,https://www.artanuji.ge/book_ge.php?id=178,978-9941-494-52-9,24.95,https://www.artanuji.ge/img-site/upload/books/thumb_4035125197.jpg
არტანუჯი,ნამცეცა,ფარნა-ბექა ჩილაშვილი ,https://www.artanuji.ge/book_ge.php?id=177,978-9941-463-17-4,15.00,https://www.artanuji.ge/img-site/upload/books/thumb_273332637.jpg
არტანუჯი,ზღვის ვარსკვლავი სტელა,წყალგამძლე წიგნი,https://www.artanuji.ge/book_ge.php?id=176,978-9994-055-01-2,11.00,https://www.artanuji.ge/img-site/upload/books/thumb_1222658138.jpg
არტანუჯი,ზღაპრები,იტალიური,https://www.artanuji.ge/book_ge.php?id=174,978-9941-421-82-2,4.95,https://www.artanuji.ge/img-site/upload/books/thumb_344386496.jpg
არტანუჯი,ზღაპრები,ბრიტანული ,https://www.artanuji.ge/book_ge.php?id=173,978-9941-421-36-5,4.95,https://www.artanuji.ge/img-site/upload/books/thumb_3871205826.jpg
არტანუჯი, ზღაპრები,ბასკური,https://www.artanuji.ge/book_ge.php?id=172,978-9941-421-06-8,3.70,https://www.artanuji.ge/img-site/upload/books/thumb_5865235584.jpg
არტანუჯი,ზღაპრები,ესპანური,https://www.artanuji.ge/book_ge.php?id=171,978-9994-055-64-7,3.70,https://www.artanuji.ge/img-site/upload/books/thumb_2858392316.jpg
არტანუჯი,9 მოთხრობა,ვასილ ბარნოვი,https://www.artanuji.ge/book_ge.php?id=170,978-9994-055-78-4,3.70,https://www.artanuji.ge/img-site/upload/books/thumb_7574993469.jpg
არტანუჯი,9 მოთხრობა,მიხეილ ჯავახიშვილი,https://www.artanuji.ge/book_ge.php?id=169,978-9994-055-92-0,5.90,https://www.artanuji.ge/img-site/upload/books/thumb_6419162638.jpg
არტანუჯი,9 მოთხრობა,ვაჟა-ფშაველა,https://www.artanuji.ge/book_ge.php?id=168,978-9994-055-25-8,4.00,https://www.artanuji.ge/img-site/upload/books/thumb_8349362672.jpg
არტანუჯი,9 მოთხრობა,დავით კლდიაშვილი,https://www.artanuji.ge/book_ge.php?id=167,978-9994-055-75-3,5.90,https://www.artanuji.ge/img-site/upload/books/thumb_1762769334.jpg
არტანუჯი,მოთხრობები,ეკატერინე გაბაშვილი,https://www.artanuji.ge/book_ge.php?id=166,978-9994-055-73-9,2.95,https://www.artanuji.ge/img-site/upload/books/thumb_6871381369.jpg
არტანუჯი,მოთხრობები,ვაჟა-ფშაველა,https://www.artanuji.ge/book_ge.php?id=165,978-9994-055-72-2,2.95,https://www.artanuji.ge/img-site/upload/books/thumb_8338163509.jpg
არტანუჯი,მოთხრობები,იაკობ გოგებაშვილი,https://www.artanuji.ge/book_ge.php?id=164,978-9994-055-26-5,2.95,https://www.artanuji.ge/img-site/upload/books/thumb_2488981881.jpg
არტანუჯი,ნამწყემსარის მოგონებანი,ალექსანდრე ყაზბეგი,https://www.artanuji.ge/book_ge.php?id=163,978-9941-421-05-1,2.95,https://www.artanuji.ge/img-site/upload/books/thumb_3159129810.jpg
არტანუჯი,სიბრძნე-სიცრუისა,სულხან-საბა ორბელიანი,https://www.artanuji.ge/book_ge.php?id=162,978-9994-055-74-6,4.00,https://www.artanuji.ge/img-site/upload/books/thumb_7667393269.jpg
არტანუჯი,მოთხრობები,სოფრომ მგალობლიშვილი,https://www.artanuji.ge/book_ge.php?id=161,978-9941-421-03-7,2.95,https://www.artanuji.ge/img-site/upload/books/thumb_997452251.jpg
არტანუჯი,მოთხრობები,რევაზ ინანიშვილი,https://www.artanuji.ge/book_ge.php?id=160,978-9941-421-02-0,4.00,https://www.artanuji.ge/img-site/upload/books/thumb_9220286402.jpg
არტანუჯი,მოთხრობები,ნოდარ დუმბაძე,https://www.artanuji.ge/book_ge.php?id=159,978-9941-421-04-4,2.95,https://www.artanuji.ge/img-site/upload/books/thumb_3953880169.jpg
არტანუჯი,მოთხრობები,თედო რაზიკაშვილი,https://www.artanuji.ge/book_ge.php?id=158,978-9994-055-79-1,2.95,https://www.artanuji.ge/img-site/upload/books/thumb_6581092388.jpg
არტანუჯი,მოთხრობები,ნიკო ლომოური,https://www.artanuji.ge/book_ge.php?id=157,978-9994-055-31-9,2.95,https://www.artanuji.ge/img-site/upload/books/thumb_8207055730.jpg
არტანუჯი,ჩემი თავგადასავალი  ,აკაკი წერეთელი,https://www.artanuji.ge/book_ge.php?id=156,978-9994-055-27-2,4.00,https://www.artanuji.ge/img-site/upload/books/thumb_4941809484.jpg
არტანუჯი,ცოფიანი,მიხეილ ჯავახიშვილი,https://www.artanuji.ge/book_ge.php?id=155,978-9941-421-33-4,3.00,https://www.artanuji.ge/img-site/upload/books/thumb_1941273608.jpg
არტანუჯი,ბაში-აჩუკი,აკაკი წერეთელი,https://www.artanuji.ge/book_ge.php?id=154,978-9994-055-37-1,4.00,https://www.artanuji.ge/img-site/upload/books/thumb_4134929953.jpg
არტანუჯი,ჯანყი გურიაში ,ეგნატე ნინოშვილი,https://www.artanuji.ge/book_ge.php?id=153,978-9994-055-76-0,3.70,https://www.artanuji.ge/img-site/upload/books/thumb_3989716549.jpg
არტანუჯი,ტრფობა წამებული,ვასილ ბარნოვი,https://www.artanuji.ge/book_ge.php?id=152,978-9994-055-69-2,5.20,https://www.artanuji.ge/img-site/upload/books/thumb_3401311002.jpg
არტანუჯი,მიმქრალი შარავანდედი,ვასილ ბარნოვი,https://www.artanuji.ge/book_ge.php?id=151,978-9994-055-68-5,5.60,https://www.artanuji.ge/img-site/upload/books/thumb_661077611.jpg
არტანუჯი,სურამის ციხე,დანიელ ჭონქაძე,https://www.artanuji.ge/book_ge.php?id=150,978-9994-055-38-8,2.95,https://www.artanuji.ge/img-site/upload/books/thumb_7816796828.jpg
არტანუჯი,ისნის ცისკარი,ვასილ ბარნოვი,https://www.artanuji.ge/book_ge.php?id=149,978-9994-055-63-0,2.95,https://www.artanuji.ge/img-site/upload/books/thumb_5690735881.jpg
არტანუჯი,მოგზაურობა „ლე კოკაზ ილიუსტრეს“ ფურცლებზე,ლევან ბრეგაძე,https://www.artanuji.ge/book_ge.php?id=148,978-9941-445-16-3,6.65,https://www.artanuji.ge/img-site/upload/books/thumb_7964762696.jpg
არტანუჯი,მოგზაურობა „კაუკაზიშე პოსტის“ ფურცლებზე,ლევან ბრეგაძე,https://www.artanuji.ge/book_ge.php?id=147,978-99940-55-97-5,5.20,https://www.artanuji.ge/img-site/upload/books/thumb_2649588068.jpg
არტანუჯი,ყოფითი რწმენა-წარმოდგენები,ლევან ბრეგაძე,https://www.artanuji.ge/book_ge.php?id=146,978-9941-421-75-4,3.70,https://www.artanuji.ge/img-site/upload/books/thumb_2559242029.jpg
არტანუჯი,ლიტერატურული (გამო)ძიებანი,ლევან ბრეგაძე,https://www.artanuji.ge/book_ge.php?id=145,978-9941-421-37-2,9.00,https://www.artanuji.ge/img-site/upload/books/thumb_2600455028.jpg
არტანუჯი,ძველი თბილისის სასტუმროები,დავით ხოშტარია,https://www.artanuji.ge/book_ge.php?id=143,978-9941-421-28-0,5.20,https://www.artanuji.ge/img-site/upload/books/thumb_98336371.jpg
არტანუჯი,ბერია,მიტროფანე კუჭავა,https://www.artanuji.ge/book_ge.php?id=142,978-9941-421-81-5,4.00,https://www.artanuji.ge/img-site/upload/books/thumb_345030138.jpg
არტანუჯი,სტალინი,აკაკი ვასაძე,https://www.artanuji.ge/book_ge.php?id=141,978-9941-421-78-5,5.40,https://www.artanuji.ge/img-site/upload/books/thumb_7223029271.jpg
არტანუჯი,სტალინი – ქართველი კაცი?,გიორგი ნადირაძე,https://www.artanuji.ge/book_ge.php?id=140,978-9941-445-14-9,9.60,https://www.artanuji.ge/img-site/upload/books/thumb_7027876321.jpg
არტანუჯი,ლავრენტი ბერიას ვაჟი მოგვითხრობს...,რაულ ჩილაჩავა,https://www.artanuji.ge/book_ge.php?id=139,978-9941-445-02-6,7.40,https://www.artanuji.ge/img-site/upload/books/thumb_9727385225.jpg
არტანუჯი,ქართული ქრონიკა რევოლუციის დროიდან,ნიკოლო მიწიშვილი,https://www.artanuji.ge/book_ge.php?id=138,978-9994-055-12-8,4.00,https://www.artanuji.ge/img-site/upload/books/thumb_893803117.jpg
არტანუჯი,თებერვალი,ნიკოლო მიწიშვილი,https://www.artanuji.ge/book_ge.php?id=137,978-9994-055-00-5,3.00,https://www.artanuji.ge/img-site/upload/books/thumb_7469925940.jpg
არტანუჯი,თხზულებანი,იონა მეუნარგია ,https://www.artanuji.ge/book_ge.php?id=136,978-9941-421-01-3,18.90,https://www.artanuji.ge/img-site/upload/books/thumb_214827009.jpg
არტანუჯი,ილია სამეგრელოში,ზვიად კვარაცხელია,https://www.artanuji.ge/book_ge.php?id=135,978-99940-55-87-6,3.95,https://www.artanuji.ge/img-site/upload/books/thumb_7997046308.jpg
არტანუჯი,დავით კლდიაშვილის ახლოს მოგონება,ივანე არჯევანიძე,https://www.artanuji.ge/book_ge.php?id=134,978-9941-445-21-7,3.70,https://www.artanuji.ge/img-site/upload/books/thumb_8247073087.jpg
არტანუჯი,ჩემი დავით კლდიაშვილი,მაკა ჯოხაძე,https://www.artanuji.ge/book_ge.php?id=133,978-9941-421-59-4,5.40,https://www.artanuji.ge/img-site/upload/books/thumb_6023440253.jpg
არტანუჯი,მანანა ანუა – ტყვეობის ორმოცდათორმეტი დღე,შორენა ლებანიძე,https://www.artanuji.ge/book_ge.php?id=132,978-9941-463-09-9,14.95,https://www.artanuji.ge/img-site/upload/books/thumb_7545532695.jpg
არტანუჯი,საშვი კონფლიქტის ზონაში,შორენა ლებანიძე,https://www.artanuji.ge/book_ge.php?id=131,978-9941-445-58-3,12.00,https://www.artanuji.ge/img-site/upload/books/thumb_7137172254.jpg
არტანუჯი,ეს მე ვარ – ფიროსმანი,შორენა ლებანიძე,https://www.artanuji.ge/book_ge.php?id=130,978-9941-421-85-3,10.00,https://www.artanuji.ge/img-site/upload/books/thumb_1881722295.jpg
არტანუჯი,ზღვარს მიღმა (ჩემი ამბავი),ლუის სუარესი,https://www.artanuji.ge/book_ge.php?id=129,978-9941-463-05-1,20.00,https://www.artanuji.ge/img-site/upload/books/thumb_3129369202.jpg
არტანუჯი,"ვაზროვნებ, მაშასადამე ვთამაშობ",ანდრეა პირლო,https://www.artanuji.ge/book_ge.php?id=128,978-9941-445-74-3,12.50,https://www.artanuji.ge/img-site/upload/books/thumb_921503626.jpg
არტანუჯი,ათი წელი პრემიერლიგაში,უეინ რუნი,https://www.artanuji.ge/book_ge.php?id=127,978-9941-445-07-1,15.00,https://www.artanuji.ge/img-site/upload/books/thumb_982028762.jpg
არტანუჯი,ნომერი პირველი,ოლივერ კანი,https://www.artanuji.ge/book_ge.php?id=126,978-9941-421-99-0,8.00,https://www.artanuji.ge/img-site/upload/books/thumb_991850430.jpg
არტანუჯი,მე – ზლატან იბრაჰიმოვიჩი,ზლატან იბრაჰიმოვიჩი,https://www.artanuji.ge/book_ge.php?id=125,978-9941-445-48-4,25.00,https://www.artanuji.ge/img-site/upload/books/thumb_6562007344.jpg
არტანუჯი,ჩემი მხრიდან,დევიდ ბექჰემი,https://www.artanuji.ge/book_ge.php?id=124,978-9941-445-26-2,18.00,https://www.artanuji.ge/img-site/upload/books/thumb_7220463952.jpg
არტანუჯი,ჩემი ავტობიოგრაფია,ალექს ფერგიუსონი,https://www.artanuji.ge/book_ge.php?id=123,978-9941-445-51-4,24.95,https://www.artanuji.ge/img-site/upload/books/thumb_4556602118.jpg
არტანუჯი,ჩემი ამბავი,რაფაელ ნადალი,https://www.artanuji.ge/book_ge.php?id=122,978-9941-445-36-1,22.00,https://www.artanuji.ge/img-site/upload/books/thumb_7982245553.jpg
არტანუჯი,როგორც მეწერება,ჯონ ლენონი,https://www.artanuji.ge/book_ge.php?id=121,978-9941-421-90-7,7.95,https://www.artanuji.ge/img-site/upload/books/thumb_408013765.jpg
არტანუჯი,უდაბნო,ჯიმ მორისონი,https://www.artanuji.ge/book_ge.php?id=120,978-9941-445-17-0,14.00,https://www.artanuji.ge/img-site/upload/books/thumb_7300501493.jpg
არტანუჯი,ქრონიკები,ბობ დილანი,https://www.artanuji.ge/book_ge.php?id=119,978-9941-445-44-6,16.50,https://www.artanuji.ge/img-site/upload/books/thumb_7689953544.jpg
არტანუჯი,პუტინის რუსეთი,ანა პოლიტკოვსკაია,https://www.artanuji.ge/book_ge.php?id=118,978-9941-445-59-0,20.00,https://www.artanuji.ge/img-site/upload/books/thumb_5171295367.jpg
არტანუჯი,ირენა სენდლერის ბავშვები,ანა მეშკოვსკა,https://www.artanuji.ge/book_ge.php?id=117,978-9941-445=27-9,12.00,https://www.artanuji.ge/img-site/upload/books/thumb_2097577527.jpg
არტანუჯი,ასპერნის წერილები,ჰენრი ჯეიმზი,https://www.artanuji.ge/book_ge.php?id=116,978-9941-445-37-8,8.90,https://www.artanuji.ge/img-site/upload/books/thumb_8746661236.jpg
არტანუჯი,ხატოვან აზრთა კრებული,ბაჩანა ბრეგვაძე,https://www.artanuji.ge/book_ge.php?id=115,978-9941-421-31-0,10.00,https://www.artanuji.ge/img-site/upload/books/thumb_4615042204.jpg
არტანუჯი,შამილის ტყვე ქალები,ანა დრანსე,https://www.artanuji.ge/book_ge.php?id=114,978-9941-421-08-2,7.00,https://www.artanuji.ge/img-site/upload/books/thumb_1321550318.jpg
არტანუჯი,ნაპოლეონის მამლუქი,რუსტამ რაზას მემუარები,https://www.artanuji.ge/book_ge.php?id=113,978-9941-421-58-7,5.20,https://www.artanuji.ge/img-site/upload/books/thumb_5719049233.jpg
არტანუჯი,დიდი საჭადრაკო დაფა,ზბიგნევ ბჟეზინსკი,https://www.artanuji.ge/book_ge.php?id=112,978-9941-445-55-2,24.00,https://www.artanuji.ge/img-site/upload/books/thumb_1243335134.jpg
არტანუჯი,სტივ ჯობსი – სხვაგვარად მოაზროვნე,კარენ ბლუმენტალი,https://www.artanuji.ge/book_ge.php?id=111,978-9941-445-42-2,20.00,https://www.artanuji.ge/img-site/upload/books/thumb_1367081459.jpg
არტანუჯი,კამერული მუსიკა,ჯეიმზ ჯოისი,https://www.artanuji.ge/book_ge.php?id=110,978-9941-445-03-3,4.00,https://www.artanuji.ge/img-site/upload/books/thumb_2895938437.jpg
არტანუჯი,"ხელოვანის პორტრეტი ახალგაზრდობისას, გაძევებულნი",ჯეიმზ ჯოისი,https://www.artanuji.ge/book_ge.php?id=109,978-9941-421-80-8,12.00,https://www.artanuji.ge/img-site/upload/books/thumb_6292417380.jpg
არტანუჯი,98,"მიგელ დე უნამუნო, ანტონიო მაჩადო, რუბენ დარიო, რამირო დე მაესტუ, ხასინტო ბენავენტე, პიო ბაროხა, რამონ დელ ვალიე-ინკლანი",https://www.artanuji.ge/book_ge.php?id=108,978-9941-445-23-1,5.60,https://www.artanuji.ge/img-site/upload/books/thumb_2938615209.jpg
არტანუჯი,"აქ იყო ესპანეთი, სახელად კასტილია",ანტონიო მაჩადო,https://www.artanuji.ge/book_ge.php?id=107,978-9941-445-60-6,5.00,https://www.artanuji.ge/img-site/upload/books/thumb_5701059745.jpg
არტანუჯი,ტირანი ბანდერასი,რამონ დელ ვალიე-ინკლანი,https://www.artanuji.ge/book_ge.php?id=106,978-9941-421-30-3,6.50,https://www.artanuji.ge/img-site/upload/books/thumb_7994979461.jpg
არტანუჯი,ხუან დე მაირენა,ანტონიო მაჩადო,https://www.artanuji.ge/book_ge.php?id=105,978-9941-421-79-2,5.40,https://www.artanuji.ge/img-site/upload/books/thumb_8207081630.jpg
არტანუჯი,დაკარგული ბიჭი და სხვა მოთხრობები,თომას ვულფი,https://www.artanuji.ge/book_ge.php?id=104,978-9941-421-76-1,6.70,https://www.artanuji.ge/img-site/upload/books/thumb_262412782.jpg
არტანუჯი,სული რომ ამომდიოდა,უილიამ ფოლკნერი,https://www.artanuji.ge/book_ge.php?id=103,978-9941-421-93-8,14.90,https://www.artanuji.ge/img-site/upload/books/thumb_2672802582.jpg
არტანუჯი,ახალი თარგმანები,"ინგლისური, ამერიკული და რუსული პოეზია",https://www.artanuji.ge/book_ge.php?id=102,9789941421372,4.00,https://www.artanuji.ge/img-site/upload/books/thumb_1392969815.jpg
არტანუჯი,ნოველები,"ო. ჰენრი, შერვუდ ანდერსონი, ფრენსის სკოტ ფიცჯერალდი, თომას ვულფი",https://www.artanuji.ge/book_ge.php?id=101,978-9941-445-24-8,6.70,https://www.artanuji.ge/img-site/upload/books/thumb_9944391138.jpg
არტანუჯი,ქართლის ცხოვრება,ქართლის ცხოვრება,https://www.artanuji.ge/book_ge.php?id=100,978-9941-445-01-9,30.00,https://www.artanuji.ge/img-site/upload/books/thumb_6001771674.jpg
არტანუჯი,ქართლის ცხოვრება,ქართლის ცხოვრება,https://www.artanuji.ge/book_ge.php?id=99,978-9941-445-52-1,37.00,https://www.artanuji.ge/img-site/upload/books/thumb_6478441557.jpg
არტანუჯი,ნარგიზა,გელა ჩარკვიანი,https://www.artanuji.ge/book_ge.php?id=98,978-9941-445-40-8,12.00,https://www.artanuji.ge/img-site/upload/books/thumb_5140614532.jpg
არტანუჯი,ინტერვიუ მამასთან,გელა ჩარკვიანი,https://www.artanuji.ge/book_ge.php?id=97,978-9941-445-33-0,12.00,https://www.artanuji.ge/img-site/upload/books/thumb_4674008409.jpg
არტანუჯი,პრეზიდენტ ზვიად გამსახურდიას საქმე,კონსტანტინე ზ. გამსახურდია,https://www.artanuji.ge/book_ge.php?id=96,978-9941-445-43-9,20.00,https://www.artanuji.ge/img-site/upload/books/thumb_1403436437.jpg
არტანუჯი,კახეთის აჯანყება,აკაკი გელაშვილი,https://www.artanuji.ge/book_ge.php?id=95,None,4.00,https://www.artanuji.ge/img-site/upload/books/thumb_323880091.jpg
არტანუჯი,საქართველო – მისი გეოლოგიური ისტორია,აკაკი ჭანტურია,https://www.artanuji.ge/book_ge.php?id=94,978-9941-421-19-8,2.95,https://www.artanuji.ge/img-site/upload/books/thumb_9509452758.jpg
არტანუჯი,ბერი ეგნატაშვილი – მისი დრო და საისტორიო შრომა,გივი წულაია,https://www.artanuji.ge/book_ge.php?id=93,978-9941-445-41-5,5.00,https://www.artanuji.ge/img-site/upload/books/thumb_5006323740.jpg
არტანუჯი,ქართველები სეფიანთა ირანში,ჰიროტაკე მაედა,https://www.artanuji.ge/book_ge.php?id=92,978-9994-059-97-3,4.00,https://www.artanuji.ge/img-site/upload/books/thumb_7428411403.jpg
არტანუჯი,თხზულებანი,თედო ჟორდანია,https://www.artanuji.ge/book_ge.php?id=91,978-9941-421-27-3,11.00,https://www.artanuji.ge/img-site/upload/books/thumb_431623347.jpg
არტანუჯი,1918-2005,საქართველოს ისტორიის კათედრა,https://www.artanuji.ge/book_ge.php?id=90,978-9994-055-99-9,9.60,https://www.artanuji.ge/img-site/upload/books/thumb_3841443383.jpg
არტანუჯი,საქართველო და რუსეთი,ნოე რამიშვილი,https://www.artanuji.ge/book_ge.php?id=89,999-4055-29-1,2.00,https://www.artanuji.ge/img-site/upload/books/thumb_251309587.jpg
არტანუჯი,დიადი სულის უკვდავება – მიხაკო წერეთელი,ლევან ზ. ურუშაძე,https://www.artanuji.ge/book_ge.php?id=88,978-9941-445-06-4,6.95,https://www.artanuji.ge/img-site/upload/books/thumb_5410743337.jpg
არტანუჯი,ისტორია,დავით ფერაძე,https://www.artanuji.ge/book_ge.php?id=87,978-9941-445-50-7,9.30,https://www.artanuji.ge/img-site/upload/books/thumb_2591196424.jpg
არტანუჯი,აღუვსებელი საწყაული ანუ ამაოება ამაოებათა,როინ მეტრეველი,https://www.artanuji.ge/book_ge.php?id=86,978-9941-445-88-0,5.00,https://www.artanuji.ge/img-site/upload/books/thumb_1095014638.png
არტანუჯი,საქართველო რუსთველის ეპოქაში,როინ მეტრეველი,https://www.artanuji.ge/book_ge.php?id=85,978-99414-638-15,59.95,https://www.artanuji.ge/img-site/upload/books/thumb_7822426939.jpg
არტანუჯი,ჰერეთი,გიორგი მარჯანიშვილი,https://www.artanuji.ge/book_ge.php?id=84,999-4011-71-5,2.00,https://www.artanuji.ge/img-site/upload/books/thumb_4343426553.jpg
არტანუჯი,საინგილო,თენგიზ პაპუაშვილი,https://www.artanuji.ge/book_ge.php?id=83,978-9994-055-51-7,17.00,https://www.artanuji.ge/img-site/upload/books/thumb_4791282457.jpg
არტანუჯი,ნინოწმინდის საეპისკოპოსო,მაია შაორშაძე,https://www.artanuji.ge/book_ge.php?id=82,999-4055-15-1,4.00,https://www.artanuji.ge/img-site/upload/books/thumb_1672825575.jpg
არტანუჯი,იერუსალიმის ჯვრის მონასტრის მიწათმფლობელობა საქართველოში,ნიკო ხუციშვილი,https://www.artanuji.ge/book_ge.php?id=81,978-9994-059-55-3,4.00,https://www.artanuji.ge/img-site/upload/books/thumb_8330740192.jpg
არტანუჯი,გურიის საეპისკოპოსოები (XV-XIX),თეა ქართველიშვილი,https://www.artanuji.ge/book_ge.php?id=80,999-4011-95-2,3.60,https://www.artanuji.ge/img-site/upload/books/thumb_3718421808.jpg
არტანუჯი,ბათუმიდან ართვინამდე,ევგენი ვეიდენბაუმი,https://www.artanuji.ge/book_ge.php?id=79,None,2.80,https://www.artanuji.ge/img-site/upload/books/thumb_7173046455.jpg
არტანუჯი,კლარჯეთის ეკლესიები და მონასტრები,დავით ხოშტარია,https://www.artanuji.ge/book_ge.php?id=78,999-4011-94-4,7.40,https://www.artanuji.ge/img-site/upload/books/thumb_1294501684.jpg
არტანუჯი,წერილები „ოსმალოს საქართველოზე“,სოლომონ ასლანიშვილი-ბავრელი,https://www.artanuji.ge/book_ge.php?id=77,978-9994-059-12-6,4.00,https://www.artanuji.ge/img-site/upload/books/thumb_2915557781.jpg
არტანუჯი,ქართველები ოსმალური პერიოდის ტრაპიზონში,ზურაბ ბატიაშვილი (დარუჯანაშვილი),https://www.artanuji.ge/book_ge.php?id=76,978-9994-059-12-6,4.00,https://www.artanuji.ge/img-site/upload/books/thumb_9847722193.jpg
არტანუჯი,კაპადოკია,ზურაბ ბატიაშვილი (დარუჯანაშვილი),https://www.artanuji.ge/book_ge.php?id=75,978-9941-421-07-5,4.00,https://www.artanuji.ge/img-site/upload/books/thumb_2529790974.jpg
არტანუჯი,ტრაპიზონის იმპერიის დაარსება,ზურაბ ბატიაშვილი (დარუჯანაშვილი),https://www.artanuji.ge/book_ge.php?id=74,978-9941-421-34-1,7.00,https://www.artanuji.ge/img-site/upload/books/thumb_1290680933.jpg
არტანუჯი,ტრაპიზონის იმპერიია XIII საუკუნეში,ზურაბ ბატიაშვილი (დარუჯანაშვილი),https://www.artanuji.ge/book_ge.php?id=73,978-9941-445-28-6,8.00,https://www.artanuji.ge/img-site/upload/books/thumb_5191821046.jpg
არტანუჯი,სტამბოლის ქართული სავანე,შუშანა ფუტკარაძე,https://www.artanuji.ge/book_ge.php?id=72,978-9941-421-61-7,9.00,https://www.artanuji.ge/img-site/upload/books/thumb_8542634048.jpg
არტანუჯი,საქართველოს მეფეები და პატრიარქები,როინ მეტრეველი,https://www.artanuji.ge/book_ge.php?id=71,978-9941-421-21-1,11.10,https://www.artanuji.ge/img-site/upload/books/thumb_8081505862.jpg
არტანუჯი,საისტორიო ნარკვევები,როინ მეტრეველი,https://www.artanuji.ge/book_ge.php?id=70,978-9994-055-88-3,20.70,https://www.artanuji.ge/img-site/upload/books/thumb_538502293.jpg
არტანუჯი,პატრიარქი – ერის სულიერი მამა,როინ მეტრეველი,https://www.artanuji.ge/book_ge.php?id=69,978-9994-059-96-6,11.90,https://www.artanuji.ge/img-site/upload/books/thumb_2888289857.jpg
არტანუჯი,მკვიდრი უმკვიდრო შევიქენ,როინ მეტრეველი,https://www.artanuji.ge/book_ge.php?id=68,978-99940-59-54-6,4.00,https://www.artanuji.ge/img-site/upload/books/thumb_549153224.jpg
არტანუჯი,რაჭა,როინ მეტრეველი,https://www.artanuji.ge/book_ge.php?id=67,978-9941-445-15-6,16.90,https://www.artanuji.ge/img-site/upload/books/thumb_3649397864.jpg
არტანუჯი,გელათი,როინ მეტრეველი,https://www.artanuji.ge/book_ge.php?id=66,999-4055-30-5,14.95,https://www.artanuji.ge/img-site/upload/books/thumb_7096450491.jpg
არტანუჯი,THE GOLDEN AGE,როინ მეტრეველი,https://www.artanuji.ge/book_ge.php?id=65,978-9941-421-22-8,19.95,https://www.artanuji.ge/img-site/upload/books/thumb_6298104263.jpg
არტანუჯი,კავკასიური ცივილიზაცია მსოფლიო გლობალიზაციური პროცესების კონტექსტში,როინ მეტრეველი,https://www.artanuji.ge/book_ge.php?id=64,978-9994-059-60-7,2.95,https://www.artanuji.ge/img-site/upload/books/thumb_675743180.jpg
არტანუჯი,მეგრული სალექსიკონო მასალები,დანიელ ფიფია,https://www.artanuji.ge/book_ge.php?id=63,978-99940-55-08-1,3.95,https://www.artanuji.ge/img-site/upload/books/thumb_5513973524.jpg
არტანუჯი,2000 ლაზური სიტყვა,თეა კალანდია,https://www.artanuji.ge/book_ge.php?id=62,978-9994-011-52-0,3.70,https://www.artanuji.ge/img-site/upload/books/thumb_281719570.jpg
არტანუჯი, მეგრული სახელები და გვარები,აკაკი ჭანტურია,https://www.artanuji.ge/book_ge.php?id=61,978-9994-055-34-0,4.00,https://www.artanuji.ge/img-site/upload/books/thumb_5167277622.jpg
არტანუჯი,მეგრული ხატოვანი სიტყვა-თქმანი,ანა ჩიქვანაია,https://www.artanuji.ge/book_ge.php?id=60,978-9994-055-02-9,4.00,https://www.artanuji.ge/img-site/upload/books/thumb_48294430.jpg
არტანუჯი,ლაზური ტექსტები,თეა კალანდია,https://www.artanuji.ge/book_ge.php?id=59,978-9994-055-56-2,9.00,https://www.artanuji.ge/img-site/upload/books/thumb_5202847919.jpg
არტანუჯი,ლაზური (ჭანური) ტექსტები,ირინე ასათიანი,https://www.artanuji.ge/book_ge.php?id=58,978-9941-421-95-2,5.95,https://www.artanuji.ge/img-site/upload/books/thumb_3790409020.jpg
არტანუჯი,ლაზური ლექსიკონი,ირინე ასათიანი,https://www.artanuji.ge/book_ge.php?id=57,978-9941-421-92-1,14.00,https://www.artanuji.ge/img-site/upload/books/thumb_221725720.jpg
არტანუჯი,ძველი კოლხეთის ისტორიის საკითხები,მერი ინაძე,https://www.artanuji.ge/book_ge.php?id=56,978-9994-055-54-8,14.95,https://www.artanuji.ge/img-site/upload/books/thumb_1631018016.jpg
არტანუჯი,მეგრული ლექსიკონი,ალიო ქობალია ,https://www.artanuji.ge/book_ge.php?id=55,978-9941-421-14-3,35.00,https://www.artanuji.ge/img-site/upload/books/thumb_8629163769.jpg
არტანუჯი,ადრეული ეპოქის აფხაზეთის ეთნიკური სიტუაცია ,ნოე აფხაზავა,https://www.artanuji.ge/book_ge.php?id=54,978-9994-055-89-0,3.95,https://www.artanuji.ge/img-site/upload/books/thumb_5365128759.jpg
არტანუჯი,აფხაზეთი,დიმიტრი ლეთოდიანი,https://www.artanuji.ge/book_ge.php?id=53,978-9941-421-26-6,4.40,https://www.artanuji.ge/img-site/upload/books/thumb_3722471459.jpg
არტანუჯი,საქართველო ყაჯართა პერიოდის სპარსულ წყაროებში,მარინა ალექსიძე,https://www.artanuji.ge/book_ge.php?id=52,978-9941-463-18-1,30.40,https://www.artanuji.ge/img-site/upload/books/thumb_1693559009.jpg
არტანუჯი,ქართველთათვის,მხითარ გოში,https://www.artanuji.ge/book_ge.php?id=51,978-9941-421-98-3,4.00,https://www.artanuji.ge/img-site/upload/books/thumb_9562013307.jpg
არტანუჯი,სამეგრელო – თავადები და აზნაურები,ზურაბ ჭუმბურიძე,https://www.artanuji.ge/book_ge.php?id=50,978-9941-445-29-3,11.90,https://www.artanuji.ge/img-site/upload/books/thumb_8974067205.jpg
არტანუჯი,განჯის დაპყრობის წიგნი,რაჰიმიზადე იბრაჰიმ ჩავუში,https://www.artanuji.ge/book_ge.php?id=49,978-9941-421-97-6,6.70,https://www.artanuji.ge/img-site/upload/books/thumb_6309601361.jpg
არტანუჯი,საქართველოში,ბარონი დე ბაი,https://www.artanuji.ge/book_ge.php?id=48,978-9941-421-38-9,12.00,https://www.artanuji.ge/img-site/upload/books/thumb_7227459540.jpg
არტანუჯი,საქართველო VII-X საუკუნეების სომხურ საისტორიო წყაროებში,ელენე ცაგარეიშვილი,https://www.artanuji.ge/book_ge.php?id=47,978-9941-445-04-0,5.20,https://www.artanuji.ge/img-site/upload/books/thumb_5781508185.jpg
არტანუჯი,მოგონებები,ისიდორე რამიშვილი ,https://www.artanuji.ge/book_ge.php?id=46,978-9941-421-62-4,9.95,https://www.artanuji.ge/img-site/upload/books/thumb_4172473405.jpg
არტანუჯი,საქართველოს შესახებ,აუგუსტ ჰაქსტჰაუზენი,https://www.artanuji.ge/book_ge.php?id=45,None,9.00,https://www.artanuji.ge/img-site/upload/books/thumb_9903561188.jpg
არტანუჯი,მოგონება,ზაქარია გურული,https://www.artanuji.ge/book_ge.php?id=44,None,2.95,https://www.artanuji.ge/img-site/upload/books/thumb_1957270558.jpg
არტანუჯი,ქართლ-კახეთის თავადები და აზნაურები,ზურაბ ჭუმბურიძე,https://www.artanuji.ge/book_ge.php?id=43,999-4011-81-2,5.20,https://www.artanuji.ge/img-site/upload/books/thumb_6979909641.jpg
არტანუჯი,მოგონებები შეფიცულთა რაზმზე,ალექსანდრე სულხანიშვილი,https://www.artanuji.ge/book_ge.php?id=42,978-9994-059-61-4,7.95,https://www.artanuji.ge/img-site/upload/books/thumb_3266542181.jpg
არტანუჯი,გამარჯვებათა წიგნი,აბუბექრ ბინ აბდულაჰი,https://www.artanuji.ge/book_ge.php?id=41,999-4055-05-4,4.80,https://www.artanuji.ge/img-site/upload/books/thumb_3821077202.jpg
არტანუჯი,სომხური ანდერძ-მინაწერები საქართველოს შესახებ. X-XIII სს.,ალექსანდრე აბდალაძე,https://www.artanuji.ge/book_ge.php?id=40,999-4011-27-8,5.90,https://www.artanuji.ge/img-site/upload/books/thumb_646832096.jpg
არტანუჯი, ქრონიკები,თედო ჟორდანია,https://www.artanuji.ge/book_ge.php?id=39,999-4011-02-2,11.10,https://www.artanuji.ge/img-site/upload/books/thumb_2424551071.jpg
არტანუჯი,საქართველოს შესახებ,ედუარდ აიხვალდი,https://www.artanuji.ge/book_ge.php?id=38,978-9994-011-45-2,4.45,https://www.artanuji.ge/img-site/upload/books/thumb_6265075881.jpg
არტანუჯი,წერილები სტეფან ცვაიგს,გრიგოლ რობაქიძე ,https://www.artanuji.ge/book_ge.php?id=37,978-9941-463-30-3,11.00,https://www.artanuji.ge/img-site/upload/books/thumb_9656351539.jpg
არტანუჯი,"ლენინი, სტალინი, ჰიტლერი, მუსოლინი",გრიგოლ რობაქიძე ,https://www.artanuji.ge/book_ge.php?id=36,978-9941-445-45-3,15.00,https://www.artanuji.ge/img-site/upload/books/thumb_7310463967.jpg
არტანუჯი,ომი და კულტურა,გრიგოლ რობაქიძე ,https://www.artanuji.ge/book_ge.php?id=35,978-9941-445-77-4,20.00,https://www.artanuji.ge/img-site/upload/books/thumb_3293882054.jpg
არტანუჯი,პორტრეტები,გრიგოლ რობაქიძე ,https://www.artanuji.ge/book_ge.php?id=34,978-9941-421-74-7,6.80,https://www.artanuji.ge/img-site/upload/books/thumb_4362910808.jpg
არტანუჯი,მუსოლინი,გრიგოლ რობაქიძე ,https://www.artanuji.ge/book_ge.php?id=33,978-9994-055-91-3,5.40,https://www.artanuji.ge/img-site/upload/books/thumb_5061206584.jpg
არტანუჯი,ჰიტლერი,გრიგოლ რობაქიძე ,https://www.artanuji.ge/book_ge.php?id=32,978-9994-055-93-7,5.40,https://www.artanuji.ge/img-site/upload/books/thumb_1722265663.jpg
არტანუჯი,კავკასიური ნოველები,გრიგოლ რობაქიძე ,https://www.artanuji.ge/book_ge.php?id=31,978-9941-421-60-0,7.95,https://www.artanuji.ge/img-site/upload/books/thumb_2683817278.jpg
არტანუჯი,Pro domo sua,გრიგოლ რობაქიძე ,https://www.artanuji.ge/book_ge.php?id=30,978-9941-421-86-0,5.20,https://www.artanuji.ge/img-site/upload/books/thumb_7745402804.jpg
არტანუჯი,პირადი მიმოწერა,გრიგოლ რობაქიძე ,https://www.artanuji.ge/book_ge.php?id=29,978-9941-421-84-6,9.95,https://www.artanuji.ge/img-site/upload/books/thumb_2076690369.jpg
არტანუჯი,დემონი და მითოსი,გრიგოლ რობაქიძე ,https://www.artanuji.ge/book_ge.php?id=28,978-9941-421-73-0,5.90,https://www.artanuji.ge/img-site/upload/books/thumb_8413949115.jpg
არტანუჯი,ქალღმერთის ძახილი,გრიგოლ რობაქიძე ,https://www.artanuji.ge/book_ge.php?id=26,978-9941-421-63-1,9.95,https://www.artanuji.ge/img-site/upload/books/thumb_879384349.jpg
არტანუჯი,მეგი – ქართველი გოგონა,გრიგოლ რობაქიძე ,https://www.artanuji.ge/book_ge.php?id=25,978-9941-421-87-7,5.90,https://www.artanuji.ge/img-site/upload/books/thumb_4893904505.jpg
არტანუჯი,მცველნი გრალისა,გრიგოლ რობაქიძე ,https://www.artanuji.ge/book_ge.php?id=24,978-9941-421-83-9,15.00,https://www.artanuji.ge/img-site/upload/books/thumb_1145299999.jpg
